temperature,humidity,rainfall,wind_speed,season,risk_level
36,69,111,22,Summer,Low
34,80,103,3,Winter,Medium
38,80,185,23,Winter,High
27,82,144,22,Monsoon,Medium
25,82,179,24,Winter,Medium
24,83,162,7,Monsoon,Low
20,57,109,11,Monsoon,Low
35,89,52,11,Summer,Low
33,80,178,10,Summer,High
35,43,82,20,Winter,Low
36,40,70,20,Winter,Low
30,45,95,27,Summer,Medium
34,54,37,8,Monsoon,Low
24,76,183,11,Monsoon,Low
28,89,136,21,Winter,Medium
32,56,51,30,Winter,Low
38,67,101,26,Summer,Low
26,82,19,16,Monsoon,Medium
33,86,193,20,Winter,High
30,67,105,17,Summer,Medium
26,60,3,12,Winter,Medium
20,59,85,16,Monsoon,Low
27,77,78,29,Winter,Medium
20,77,42,25,Monsoon,Low
26,88,164,18,Summer,Medium
28,87,94,15,Summer,Medium
28,82,127,19,Summer,Medium
29,47,165,10,Summer,Medium
23,48,192,5,Winter,Low
28,52,39,9,Winter,Medium
28,49,94,22,Winter,Medium
28,50,93,18,Summer,Medium
38,77,107,12,Winter,High
24,87,72,0,Monsoon,Low
29,59,28,20,Winter,Medium
31,65,28,8,Winter,Low
30,70,190,28,Monsoon,Medium
37,44,168,7,Winter,Low
34,69,32,13,Summer,Low
34,84,98,2,Winter,High
22,54,164,20,Winter,Low
36,78,38,22,Monsoon,Low
36,63,12,15,Monsoon,Low
33,89,108,1,Monsoon,High
29,53,69,21,Monsoon,Medium
36,60,61,21,Monsoon,Low
22,45,167,22,Summer,Low
33,43,192,20,Monsoon,Low
21,60,54,4,Winter,Low
32,85,83,23,Monsoon,Low
35,43,169,8,Summer,Low
30,59,42,0,Monsoon,Medium
35,79,156,3,Summer,High
25,88,55,25,Winter,Medium
36,49,5,19,Monsoon,Low
20,57,49,8,Summer,Medium
26,90,110,15,Winter,Medium
22,60,172,9,Monsoon,Low
40,56,191,4,Winter,Low
35,61,126,25,Monsoon,Low
20,53,190,15,Monsoon,High
23,70,18,24,Summer,Low
38,42,134,0,Winter,Low
24,51,120,21,Summer,Low
37,40,165,20,Monsoon,Low
24,44,68,2,Summer,Low
38,90,75,27,Monsoon,Low
35,47,49,13,Monsoon,Low
32,55,54,13,Summer,Low
24,84,191,12,Monsoon,Low
22,48,145,18,Summer,Low
26,48,30,5,Summer,Medium
23,76,176,9,Summer,Low
26,66,28,11,Summer,Medium
29,63,159,22,Summer,Medium
21,62,57,12,Summer,Low
32,77,15,11,Monsoon,Low
36,40,111,15,Monsoon,Low
24,85,184,1,Monsoon,Low
26,61,89,18,Summer,Medium
20,50,40,0,Summer,Low
20,77,50,3,Winter,Low
30,68,28,15,Summer,Medium
35,44,37,8,Monsoon,Low
34,45,89,17,Monsoon,Low
31,73,178,28,Monsoon,High
27,52,81,29,Monsoon,Medium
37,56,122,10,Summer,Low
32,76,128,14,Summer,High
34,83,154,30,Monsoon,High
39,53,81,5,Monsoon,Low
28,57,190,3,Winter,Medium
34,86,106,15,Summer,High
36,85,143,3,Winter,High
23,80,91,5,Summer,Low
30,86,160,16,Monsoon,Medium
28,69,124,6,Summer,Medium
34,58,14,26,Monsoon,Low
32,42,87,9,Winter,Low
27,62,176,4,Summer,Low
30,86,56,3,Summer,Medium
40,59,48,21,Winter,Low
34,88,72,29,Summer,Low
32,73,57,1,Monsoon,Low
31,86,159,10,Monsoon,High
24,69,94,3,Summer,Low
38,61,127,17,Monsoon,Low
25,52,22,17,Summer,Low
38,59,58,21,Monsoon,Low
27,70,128,9,Summer,Medium
34,81,104,12,Summer,High
25,57,30,28,Winter,Medium
34,90,147,22,Winter,High
20,70,196,15,Summer,Low
35,52,4,21,Monsoon,Low
20,73,45,0,Monsoon,Low
37,86,134,0,Winter,High
25,79,169,29,Monsoon,Medium
39,59,144,22,Winter,Low
26,42,160,24,Monsoon,High
28,79,106,30,Winter,Medium
23,56,21,18,Monsoon,Low
20,82,40,3,Monsoon,Low
35,85,24,12,Summer,Low
23,82,81,28,Monsoon,Low
36,52,98,1,Monsoon,Low
26,89,51,30,Winter,Medium
31,85,77,12,Monsoon,Low
22,81,29,18,Summer,Low
24,47,197,5,Summer,Low
34,41,98,26,Winter,Low
38,58,19,9,Winter,Low
34,79,14,22,Winter,Low
23,40,176,1,Winter,Medium
29,65,3,29,Monsoon,Medium
28,41,169,30,Winter,Medium
29,71,73,6,Summer,Medium
28,56,28,4,Summer,Medium
33,76,54,17,Summer,Low
22,75,76,5,Monsoon,Low
31,62,75,30,Winter,Low
25,63,153,27,Winter,Medium
35,45,184,7,Winter,High
25,74,114,22,Summer,Medium
34,49,97,12,Monsoon,Low
36,51,30,22,Winter,Low
25,54,34,21,Summer,Medium
36,82,69,25,Summer,Low
33,89,161,14,Winter,High
40,74,36,12,Summer,Low
20,77,42,29,Summer,Low
26,90,58,25,Summer,Medium
26,73,135,17,Monsoon,Medium
35,88,82,3,Winter,High
37,54,129,9,Summer,Low
24,60,90,28,Winter,Low
34,50,24,10,Summer,Low
20,40,137,24,Winter,Low
38,57,76,9,Winter,Low
31,68,26,7,Summer,Low
26,43,145,30,Monsoon,Medium
34,76,156,13,Winter,High
40,79,119,10,Winter,High
37,70,31,11,Summer,Low
28,55,45,6,Monsoon,Medium
24,62,141,16,Summer,Low
24,90,110,29,Summer,Low
28,84,10,15,Monsoon,Medium
37,64,115,19,Summer,Low
35,61,26,9,Monsoon,Medium
30,70,33,10,Winter,Medium
40,75,193,24,Winter,High
27,50,92,14,Winter,Medium
40,77,165,4,Summer,High
36,81,130,20,Summer,High
22,41,187,22,Monsoon,Low
35,62,193,13,Winter,Low
27,63,39,30,Winter,Medium
30,49,157,20,Monsoon,High
33,64,130,28,Summer,Low
31,48,34,21,Monsoon,Low
35,77,11,2,Summer,Low
30,45,57,8,Summer,Medium
39,57,151,3,Monsoon,Low
35,70,146,15,Winter,Low
22,75,0,20,Monsoon,Low
24,40,38,7,Summer,Low
33,69,62,21,Monsoon,Low
37,70,24,12,Winter,Low
40,78,114,7,Summer,High
34,90,157,4,Summer,High
32,43,68,0,Winter,Low
33,59,168,11,Summer,Low
28,79,197,18,Winter,Medium
31,63,163,21,Winter,Low
28,42,5,18,Monsoon,Medium
21,61,19,14,Monsoon,Low
35,53,57,18,Monsoon,Low
34,42,87,30,Monsoon,Low
36,56,164,21,Monsoon,Medium
22,68,106,6,Winter,Low
23,41,101,28,Winter,Low
27,59,98,27,Monsoon,Medium
28,66,179,7,Summer,High
20,90,102,7,Monsoon,Low
31,70,3,20,Summer,Low
30,57,52,7,Monsoon,Medium
39,62,138,22,Winter,Low
28,48,13,5,Summer,Medium
38,75,92,19,Summer,High
31,82,182,8,Winter,High
40,50,199,28,Winter,Low
28,46,171,17,Summer,High
27,44,110,2,Summer,Medium
20,80,192,28,Winter,Low
39,54,96,7,Monsoon,Low
29,63,112,23,Monsoon,Medium
33,74,170,13,Monsoon,High
34,81,118,24,Summer,High
24,84,44,29,Monsoon,Low
29,68,40,20,Winter,Medium
37,80,88,27,Monsoon,High
20,41,153,21,Summer,Low
39,57,64,7,Winter,Low
39,66,31,10,Winter,Low
25,83,86,30,Monsoon,Medium
20,75,84,27,Summer,Low
33,61,51,5,Monsoon,Low
22,58,67,17,Monsoon,Low
35,63,13,12,Monsoon,Low
30,71,104,8,Summer,Medium
31,57,10,30,Winter,Low
39,43,45,4,Summer,Low
26,77,187,13,Monsoon,Medium
32,60,107,1,Winter,Low
25,71,25,15,Winter,Medium
26,66,153,8,Summer,Medium
20,69,63,14,Summer,Low
34,53,55,30,Summer,Low
40,48,67,12,Monsoon,Low
33,76,152,16,Monsoon,High
30,79,0,19,Winter,Medium
36,47,71,13,Summer,Low
33,76,127,9,Monsoon,High
27,56,30,29,Winter,Medium
39,40,78,30,Monsoon,Low
38,67,116,30,Winter,Low
32,64,180,27,Summer,Low
37,74,71,3,Monsoon,Low
27,44,121,0,Winter,Medium
35,70,194,18,Winter,Low
27,70,58,9,Monsoon,Medium
40,46,70,23,Winter,Low
29,52,68,23,Winter,Medium
35,83,33,26,Winter,Low
31,50,15,3,Summer,Low
32,88,83,9,Winter,High
22,59,165,10,Winter,Low
24,81,83,23,Monsoon,Low
27,75,18,19,Winter,Medium
30,45,179,23,Summer,Medium
39,76,23,12,Winter,Low
20,81,172,11,Monsoon,Low
27,84,113,1,Summer,Medium
36,75,42,22,Summer,Low
30,76,124,7,Summer,Medium
22,55,69,22,Summer,Low
26,46,90,5,Monsoon,Medium
33,80,167,16,Monsoon,High
28,52,112,17,Monsoon,Medium
39,62,146,13,Monsoon,Low
40,55,180,6,Monsoon,Low
37,44,118,21,Winter,Low
22,41,143,30,Winter,High
33,67,145,22,Monsoon,Low
37,45,110,5,Summer,Low
29,88,152,11,Summer,Medium
40,62,55,8,Summer,Low
20,70,41,6,Summer,Low
27,54,42,20,Winter,Medium
21,86,12,25,Monsoon,Low
39,77,89,4,Summer,High
24,68,102,26,Monsoon,Low
38,83,136,4,Summer,High
28,62,74,22,Monsoon,Medium
27,87,19,30,Winter,Medium
33,78,130,28,Summer,High
20,90,145,26,Winter,Low
40,58,121,25,Winter,Low
39,83,170,18,Summer,High
34,75,43,19,Winter,Low
24,86,65,13,Winter,Low
20,80,148,14,Winter,Low
37,43,31,20,Winter,Low
35,60,63,24,Winter,Low
24,49,60,17,Winter,Low
31,51,97,4,Summer,Low
39,66,109,11,Summer,Low
22,85,29,17,Summer,Low
32,87,85,7,Monsoon,High
32,81,35,19,Summer,Low
23,84,197,19,Summer,Low
38,51,186,7,Winter,Low
21,52,25,1,Winter,Low
37,41,63,17,Monsoon,Low
23,59,23,8,Winter,Low
21,42,110,21,Summer,Low
21,78,162,20,Monsoon,Low
32,70,84,6,Monsoon,Low
22,68,70,17,Winter,Low
40,66,125,29,Monsoon,Low
31,77,27,13,Monsoon,Low
32,42,89,9,Monsoon,Low
20,61,164,16,Winter,Low
25,89,177,23,Winter,Medium
22,62,193,7,Summer,Low
25,62,137,23,Monsoon,Medium
20,53,121,7,Summer,Low
34,72,184,22,Summer,High
23,61,170,7,Winter,Low
37,62,64,18,Monsoon,Low
33,58,158,27,Monsoon,Low
25,47,191,26,Monsoon,Medium
39,58,140,15,Winter,Low
28,82,150,3,Monsoon,Medium
21,70,110,28,Winter,Low
32,54,42,10,Winter,Low
34,60,168,27,Summer,Low
38,58,195,30,Summer,Low
23,62,171,16,Winter,Low
37,81,101,24,Summer,High
37,75,76,17,Winter,Low
34,80,11,23,Monsoon,Low
28,46,74,6,Summer,Medium
33,78,80,2,Monsoon,Low
32,61,85,2,Winter,Low
36,54,148,23,Monsoon,Low
39,44,9,17,Monsoon,Low
29,90,47,6,Summer,Medium
28,87,45,10,Winter,Medium
21,46,185,26,Monsoon,Low
34,81,62,15,Winter,Low
26,70,59,18,Summer,Medium
38,90,136,29,Winter,High
25,84,93,28,Monsoon,Medium
39,90,43,26,Summer,Low
33,57,196,28,Winter,Low
34,62,122,4,Summer,Low
35,70,70,8,Winter,Low
39,88,99,10,Monsoon,High
38,64,20,22,Winter,Low
28,47,57,10,Winter,Medium
27,57,20,11,Winter,Medium
22,56,37,11,Monsoon,Low
30,61,19,3,Winter,Low
33,48,43,26,Monsoon,Low
32,87,146,20,Monsoon,High
33,64,175,15,Monsoon,Low
32,61,87,25,Winter,Low
31,83,57,10,Summer,Low
29,43,103,18,Monsoon,Medium
34,49,158,22,Monsoon,Low
36,45,109,17,Summer,Low
37,62,91,13,Monsoon,Low
39,56,43,12,Summer,Low
23,66,117,5,Summer,Low
26,70,200,29,Monsoon,Medium
20,53,35,11,Monsoon,Low
32,73,164,5,Monsoon,High
38,70,157,5,Monsoon,Low
26,70,164,17,Summer,Medium
29,90,40,28,Monsoon,Medium
31,87,190,27,Winter,High
28,47,40,8,Monsoon,Medium
36,68,194,2,Monsoon,Low
36,87,194,16,Monsoon,High
21,73,18,26,Winter,Low
31,49,85,11,Summer,Low
25,54,149,13,Monsoon,Medium
23,52,134,10,Summer,Low
35,77,32,28,Monsoon,Low
24,78,15,1,Winter,Low
31,52,92,14,Summer,Low
23,82,13,10,Summer,Low
37,57,80,8,Summer,Low
20,65,32,4,Monsoon,Low
34,41,74,0,Summer,Low
20,60,64,23,Winter,Low
22,65,192,25,Summer,Low
25,50,160,15,Summer,Medium
32,41,3,17,Winter,Low
35,75,130,15,Monsoon,High
25,80,171,6,Summer,Medium
29,49,92,8,Summer,Medium
30,58,115,13,Winter,Medium
27,60,23,25,Winter,Medium
21,55,130,19,Winter,Low
29,50,38,20,Summer,Medium
34,77,159,3,Winter,High
23,64,199,1,Summer,Low
24,51,191,21,Monsoon,Low
39,70,42,27,Winter,Low
23,67,191,19,Summer,Low
25,90,56,27,Monsoon,Medium
26,52,32,27,Monsoon,Medium
23,47,158,14,Monsoon,Low
30,76,131,24,Winter,Medium
40,62,108,8,Monsoon,Low
36,55,53,17,Monsoon,Low
34,81,172,9,Winter,High
32,65,188,29,Summer,Low
23,73,46,26,Winter,Low
37,86,110,19,Monsoon,High
25,58,146,9,Winter,Medium
21,83,59,21,Monsoon,Low
33,58,139,2,Summer,Low
20,86,185,0,Monsoon,Low
40,90,121,13,Summer,High
21,55,56,0,Summer,Low
31,56,117,27,Monsoon,Medium
31,75,141,14,Monsoon,High
26,51,96,20,Monsoon,Medium
36,49,84,10,Winter,Low
20,75,198,7,Monsoon,Low
30,90,195,23,Monsoon,Medium
29,72,35,15,Winter,Medium
27,75,66,10,Monsoon,Medium
28,65,178,22,Summer,Medium
21,58,71,28,Summer,Low
39,45,51,28,Winter,Low
38,75,51,25,Monsoon,Low
31,77,11,21,Summer,Low
32,74,191,2,Summer,Low
20,69,69,22,Winter,Low
31,88,140,14,Monsoon,High
28,66,111,23,Summer,Medium
27,80,61,17,Monsoon,Medium
29,68,114,14,Summer,Medium
33,86,148,29,Summer,High
39,62,181,21,Summer,Low
40,51,16,19,Monsoon,Low
20,81,170,5,Monsoon,Low
20,74,73,11,Monsoon,Low
36,76,130,22,Winter,High
39,87,97,21,Monsoon,High
28,58,137,25,Monsoon,Medium
29,54,57,2,Summer,Medium
34,45,90,20,Winter,Low
30,68,187,16,Winter,Medium
26,69,152,19,Monsoon,Medium
32,41,124,13,Monsoon,Low
23,44,51,22,Summer,Low
22,77,68,4,Winter,Low
31,77,127,2,Winter,High
40,61,64,0,Winter,Low
35,88,182,23,Winter,High
37,55,184,1,Winter,Low
35,52,119,21,Winter,Low
32,67,66,11,Summer,Low
31,68,27,19,Summer,Low
40,75,123,14,Winter,High
36,52,14,0,Winter,Low
27,68,194,10,Summer,Medium
35,46,152,10,Monsoon,Low
23,86,166,1,Winter,Low
38,58,23,6,Summer,Low
22,83,174,13,Winter,Low
22,70,145,24,Monsoon,Low
34,72,87,5,Winter,High
26,61,139,11,Monsoon,Medium
39,63,58,22,Winter,Low
22,57,187,2,Monsoon,Low
27,55,52,7,Monsoon,Medium
29,44,53,4,Monsoon,Medium
22,85,26,26,Winter,Low
25,48,16,16,Summer,Medium
20,40,91,10,Winter,Low
32,64,163,10,Monsoon,Low
39,70,109,2,Summer,Low
20,56,12,8,Winter,Medium
38,59,172,27,Winter,High
27,83,17,19,Monsoon,Medium
22,61,113,23,Monsoon,Low
28,41,177,24,Monsoon,Medium
30,40,197,9,Winter,Medium
35,44,169,7,Summer,Low
28,55,83,19,Summer,Medium
32,46,121,9,Winter,Low
31,40,30,6,Winter,Low
22,41,135,29,Monsoon,Low
32,78,75,1,Monsoon,Low
39,61,10,22,Monsoon,Low
39,79,44,30,Summer,Low
29,70,98,8,Monsoon,Medium
28,67,117,3,Winter,Medium
38,49,51,17,Monsoon,Low
29,66,73,15,Monsoon,Medium
23,85,51,26,Winter,High
24,44,168,26,Monsoon,Low
25,73,165,0,Summer,Medium
34,78,187,25,Summer,High
27,81,193,24,Monsoon,Medium
37,51,200,5,Winter,Low
38,68,24,9,Winter,Low
30,63,57,5,Summer,Medium
40,43,126,3,Monsoon,Low
27,74,163,21,Winter,Medium
23,83,25,24,Winter,Low
30,48,196,16,Winter,Medium
31,65,169,3,Monsoon,Low
37,75,121,17,Monsoon,High
34,76,193,29,Winter,High
24,81,143,17,Summer,Low
31,75,47,19,Winter,Low
32,64,20,8,Winter,Low
37,59,62,12,Summer,Low
20,57,62,10,Summer,Low
20,73,71,12,Winter,High
34,79,37,4,Monsoon,Low
37,63,154,30,Winter,Low
28,49,82,24,Monsoon,Medium
23,48,25,28,Summer,Low
38,58,139,8,Monsoon,Low
34,47,16,6,Summer,Low
20,56,95,12,Winter,Low
39,50,124,29,Monsoon,Low
33,76,2,23,Summer,Low
20,57,107,20,Summer,Low
30,88,14,23,Summer,Medium
22,82,117,2,Monsoon,Low
23,59,129,26,Summer,Low
24,81,99,13,Summer,Low
20,44,64,10,Monsoon,Low
39,72,126,17,Winter,High
28,81,83,8,Summer,Medium
37,46,110,5,Summer,Low
20,77,166,20,Summer,Low
26,43,167,9,Monsoon,Medium
30,44,26,16,Winter,Medium
22,55,189,11,Winter,Low
20,77,92,13,Monsoon,Low
33,75,10,28,Monsoon,Low
27,75,109,18,Summer,Medium
38,88,164,26,Winter,High
26,51,35,28,Monsoon,Medium
23,80,66,16,Monsoon,Low
33,54,184,24,Summer,Low
35,79,199,0,Winter,High
32,80,103,13,Summer,High
21,86,44,24,Monsoon,Medium
31,55,64,26,Winter,Low
29,77,89,6,Monsoon,Medium
22,88,105,26,Summer,Low
39,60,38,1,Monsoon,Low
36,47,177,0,Winter,Low
38,65,165,5,Summer,Low
27,64,19,10,Summer,Medium
40,77,50,7,Summer,Low
24,66,98,9,Summer,Low
23,60,25,24,Monsoon,Low
33,89,175,10,Summer,High
35,84,190,22,Winter,High
25,44,25,28,Monsoon,Medium
20,43,62,0,Summer,Low
39,52,88,14,Winter,Low
35,45,143,4,Monsoon,Low
26,63,80,18,Winter,Medium
39,57,46,28,Winter,Low
35,74,45,2,Summer,Low
40,53,5,1,Summer,Low
35,89,135,20,Winter,High
21,54,39,27,Winter,Low
36,41,188,18,Summer,Low
35,50,175,15,Monsoon,Low
23,55,156,21,Winter,Low
34,45,177,14,Monsoon,Low
25,75,140,23,Summer,Medium
40,49,193,23,Winter,Low
28,83,172,0,Winter,Medium
21,48,86,12,Summer,Low
38,42,67,13,Monsoon,Low
20,75,99,29,Monsoon,Low
38,56,82,8,Summer,Low
21,63,5,26,Monsoon,Low
20,71,153,18,Winter,Low
32,57,53,25,Summer,Low
26,40,125,16,Winter,Medium
36,40,66,4,Winter,Low
30,65,200,12,Summer,Medium
31,45,106,21,Winter,Low
40,61,51,15,Monsoon,Low
26,44,50,27,Monsoon,Medium
20,62,106,3,Summer,Low
37,74,114,6,Monsoon,High
23,48,169,18,Monsoon,Low
29,53,104,14,Summer,Medium
21,75,76,11,Monsoon,Low
21,81,130,30,Summer,Low
24,54,182,23,Winter,Low
38,83,155,11,Winter,High
26,42,188,11,Summer,Medium
25,47,68,26,Monsoon,Medium
23,76,181,0,Monsoon,Low
20,56,44,1,Summer,Low
40,41,3,22,Winter,Low
34,56,197,28,Winter,Low
23,40,166,28,Winter,Low
28,79,52,13,Summer,Medium
30,79,159,16,Winter,Medium
20,85,161,2,Summer,Low
25,89,15,20,Winter,Medium
25,62,2,4,Winter,Medium
32,66,166,25,Monsoon,Low
25,90,95,3,Winter,Medium
23,51,45,2,Monsoon,Low
40,52,154,20,Summer,Low
25,86,11,24,Winter,Medium
35,61,65,25,Winter,Low
31,45,104,26,Summer,Low
33,85,159,30,Monsoon,High
26,43,92,18,Winter,Medium
20,49,75,12,Winter,Low
29,89,181,23,Summer,Medium
29,73,147,4,Summer,Medium
32,68,158,2,Monsoon,Low
39,48,117,19,Monsoon,Low
30,58,34,0,Summer,Medium
24,77,87,11,Monsoon,Low
39,63,21,18,Summer,Low
32,77,53,3,Summer,Low
35,86,108,28,Monsoon,High
26,73,193,23,Summer,Medium
23,51,119,28,Monsoon,Low
28,64,113,18,Summer,Medium
38,50,72,20,Winter,Low
27,52,58,4,Summer,Low
31,67,68,28,Winter,Low
29,72,65,3,Monsoon,Medium
32,84,167,23,Winter,High
29,86,128,28,Winter,Medium
39,66,4,8,Winter,Low
34,82,156,28,Winter,High
39,76,37,23,Summer,Low
23,44,173,27,Summer,Low
30,85,14,22,Summer,Medium
32,77,20,28,Summer,Low
23,54,67,14,Summer,Low
33,89,94,3,Monsoon,High
38,57,126,7,Winter,Low
25,67,47,5,Monsoon,Medium
21,62,100,10,Winter,Low
20,64,46,15,Winter,Low
29,78,88,6,Winter,Medium
26,44,66,16,Winter,Medium
27,78,152,29,Summer,Medium
23,59,93,30,Winter,Low
40,71,179,18,Monsoon,High
40,42,169,7,Monsoon,Low
23,56,182,7,Winter,Low
32,69,156,5,Winter,Low
31,57,124,14,Winter,Low
38,70,64,16,Monsoon,Low
30,50,42,11,Winter,Medium
22,52,171,26,Winter,Low
40,72,197,4,Summer,High
29,86,143,14,Monsoon,Medium
31,40,10,14,Summer,Low
23,48,121,12,Summer,Low
26,50,178,7,Summer,Medium
31,40,195,20,Winter,Low
23,75,51,7,Monsoon,Low
33,47,15,26,Summer,Low
34,78,114,20,Summer,High
27,51,90,24,Winter,Medium
35,54,12,16,Summer,Low
40,76,76,11,Winter,Low
36,66,92,19,Monsoon,Low
32,80,190,9,Summer,High
35,51,109,0,Summer,Low
26,70,93,2,Winter,Medium
20,80,61,29,Monsoon,Low
27,79,33,4,Winter,Medium
38,87,147,7,Winter,High
29,54,98,8,Summer,Medium
31,77,110,11,Winter,High
23,78,15,14,Winter,Low
22,52,139,7,Winter,Low
38,80,102,4,Winter,High
29,47,127,1,Winter,Medium
37,84,165,23,Winter,Medium
22,53,155,22,Summer,Low
38,90,6,28,Monsoon,Low
31,86,188,29,Winter,High
22,71,161,0,Winter,Low
28,59,130,0,Winter,Medium
25,48,70,18,Winter,Medium
28,65,58,23,Monsoon,Medium
26,46,117,23,Summer,Medium
34,73,98,27,Monsoon,High
20,43,25,0,Monsoon,High
39,72,150,6,Summer,High
24,67,44,11,Summer,Low
33,52,90,10,Summer,Low
32,48,124,16,Summer,Low
35,69,60,21,Winter,Low
32,45,7,25,Monsoon,Low
34,76,195,8,Summer,High
35,55,116,6,Summer,Low
39,59,134,30,Winter,Low
37,68,102,2,Winter,Low
27,89,5,13,Monsoon,Medium
23,55,89,15,Summer,Low
26,53,160,19,Monsoon,Medium
29,41,130,0,Summer,Medium
27,62,55,28,Monsoon,Medium
32,61,189,14,Winter,High
21,60,128,28,Monsoon,Low
22,77,199,13,Winter,Low
23,67,120,29,Monsoon,Low
37,65,148,24,Monsoon,Low
30,71,29,18,Monsoon,Medium
28,86,113,6,Summer,Medium
37,56,58,30,Summer,Low
27,87,49,14,Winter,Medium
27,80,38,7,Summer,Medium
36,41,111,29,Summer,Low
34,88,50,18,Monsoon,Low
39,62,62,16,Winter,Low
36,60,75,19,Winter,Low
22,53,97,28,Summer,Low
33,58,42,26,Monsoon,Low
20,47,27,5,Summer,Low
40,78,143,24,Winter,High
24,87,169,21,Summer,Low
25,54,24,11,Monsoon,Medium
28,89,193,4,Monsoon,Medium
40,64,100,11,Winter,Low
21,85,139,11,Winter,Low
39,43,20,3,Summer,Low
31,65,29,2,Winter,Low
23,88,194,19,Winter,Low
34,85,87,15,Winter,High
20,43,127,4,Monsoon,Low
36,55,98,16,Winter,Low
29,51,12,16,Summer,High
24,63,96,29,Monsoon,Low
30,74,120,20,Summer,Medium
30,60,33,5,Summer,Medium
20,85,154,16,Monsoon,Low
21,62,155,15,Monsoon,Low
25,64,25,4,Summer,Medium
38,48,34,5,Summer,Low
21,84,70,6,Monsoon,Low
24,55,123,28,Winter,Low
29,87,59,22,Monsoon,Medium
20,73,57,0,Winter,Low
34,77,17,27,Summer,Low
25,75,21,21,Winter,Medium
23,81,127,12,Monsoon,Low
25,48,164,20,Summer,Medium
39,41,50,17,Monsoon,Low
22,46,124,8,Summer,Low
29,60,83,12,Monsoon,Medium
32,42,127,10,Summer,Low
40,43,59,24,Winter,Low
40,60,21,16,Winter,Low
38,48,137,27,Summer,Low
28,79,98,5,Summer,Medium
28,79,126,23,Summer,Medium
28,81,38,5,Summer,Medium
35,65,161,1,Winter,Low
38,61,84,19,Monsoon,Low
21,45,111,26,Summer,Low
23,79,60,7,Summer,Low
36,49,191,11,Winter,Low
40,64,83,1,Monsoon,Low
26,78,25,2,Summer,Medium
20,57,96,5,Summer,Low
32,40,37,19,Monsoon,Low
29,76,100,28,Winter,Medium
23,64,162,14,Summer,Low
36,68,44,26,Winter,Low
33,47,64,2,Winter,Low
26,79,64,10,Summer,Medium
26,56,159,26,Summer,Medium
39,63,70,30,Monsoon,Low
32,90,139,5,Winter,High
34,64,20,4,Winter,Low
25,82,86,16,Winter,Medium
31,75,83,15,Summer,High
29,55,151,18,Winter,Medium
20,67,39,20,Winter,Low
35,79,126,28,Monsoon,High
23,89,161,16,Winter,Low
36,42,43,21,Winter,Low
26,81,95,24,Winter,Medium
23,47,22,29,Summer,Low
25,49,164,14,Summer,Medium
25,47,21,23,Monsoon,Medium
37,61,131,22,Summer,High
34,78,31,8,Summer,Low
22,87,191,1,Monsoon,Low
20,54,90,1,Monsoon,Low
28,90,17,18,Monsoon,Medium
34,63,177,28,Summer,Low
39,74,140,22,Monsoon,High
32,62,15,29,Summer,Low
33,45,31,0,Winter,Low
31,60,42,18,Summer,Low
31,43,4,9,Winter,Low
30,66,161,25,Winter,Medium
34,87,42,29,Summer,Low
20,82,152,17,Summer,Low
31,61,146,15,Winter,Low
20,71,141,21,Monsoon,Low
37,51,124,30,Summer,Low
29,79,121,19,Summer,Medium
24,56,105,29,Monsoon,Low
24,75,159,17,Summer,Low
38,46,109,24,Summer,Low
20,53,32,28,Monsoon,Low
32,44,95,1,Summer,Medium
27,41,48,3,Summer,Medium
29,46,193,4,Winter,Medium
28,56,197,5,Monsoon,Medium
40,57,175,28,Monsoon,Low
20,52,143,12,Summer,Low
23,50,18,26,Winter,Low
22,90,153,3,Monsoon,Low
27,53,136,19,Summer,Medium
35,73,154,24,Winter,High
20,54,138,5,Winter,Low
25,66,111,2,Summer,Medium
37,63,107,23,Monsoon,Low
21,84,200,5,Summer,Low
34,49,104,1,Summer,Low
38,85,64,24,Monsoon,Low
27,58,51,26,Summer,Low
21,40,102,25,Winter,Low
32,59,125,15,Monsoon,Low
23,86,156,27,Winter,Low
37,60,181,13,Summer,Low
22,46,125,0,Winter,Low
22,85,8,29,Monsoon,Low
38,55,162,24,Summer,Low
28,51,62,12,Monsoon,Medium
30,87,40,23,Winter,Medium
27,84,7,20,Winter,Medium
28,66,127,13,Monsoon,Medium
23,86,166,5,Winter,Low
39,71,19,27,Winter,Low
24,40,138,16,Monsoon,Low
37,49,74,30,Monsoon,Low
37,46,73,15,Summer,Low
40,58,105,22,Summer,Low
34,77,179,29,Monsoon,High
27,55,158,2,Winter,Medium
21,84,95,19,Winter,Low
28,51,49,10,Summer,Medium
33,69,112,7,Summer,Low
20,81,43,29,Monsoon,Low
30,56,95,27,Summer,Medium
37,57,123,0,Monsoon,Low
24,71,8,30,Monsoon,Low
34,59,121,6,Summer,Low
31,85,130,30,Monsoon,High
37,75,6,23,Winter,Low
39,71,17,6,Winter,Low
23,88,17,12,Monsoon,Low
36,87,111,26,Summer,High
39,79,61,19,Monsoon,Low
22,87,58,0,Summer,Low
26,58,7,20,Winter,Medium
34,73,35,4,Monsoon,Low
27,87,1,0,Monsoon,Medium
32,41,172,10,Winter,Low
31,48,1,29,Summer,Low
38,40,166,3,Summer,Low
35,88,91,18,Winter,High
36,80,2,9,Monsoon,Low
25,56,31,26,Monsoon,Medium
23,57,48,18,Monsoon,Low
32,41,14,9,Winter,Low
29,79,69,24,Monsoon,Medium
39,69,56,22,Summer,Low
37,48,178,18,Monsoon,Low
32,56,143,21,Winter,Low
26,67,49,6,Summer,Medium
36,62,23,7,Summer,Low
32,60,161,14,Monsoon,High
27,84,127,21,Summer,Medium
32,61,146,30,Summer,Low
26,61,6,4,Monsoon,Medium
28,66,24,17,Summer,Medium
35,55,149,11,Winter,Low
39,42,171,7,Monsoon,Low
32,61,184,2,Monsoon,Low
22,61,104,27,Summer,Low
30,65,156,8,Monsoon,Medium
32,48,149,27,Monsoon,Low
20,84,74,29,Monsoon,Low
23,84,99,17,Monsoon,Low
28,82,36,16,Winter,Medium
40,67,12,8,Summer,Low
40,87,43,9,Summer,Low
32,86,90,1,Summer,High
27,74,90,10,Winter,Medium
23,50,36,8,Monsoon,Low
33,71,130,6,Monsoon,High
36,88,116,1,Winter,High
22,42,183,3,Summer,Low
25,78,68,1,Summer,Medium
21,76,80,21,Winter,Low
31,69,186,23,Summer,Low
31,67,142,24,Summer,Low
35,67,47,12,Monsoon,Low
31,65,76,16,Monsoon,Low
23,54,46,9,Monsoon,Medium
23,43,90,6,Summer,Low
37,61,144,0,Monsoon,Low
22,78,32,25,Monsoon,Low
29,89,23,30,Winter,Medium
28,65,21,10,Monsoon,Medium
40,45,82,1,Monsoon,Low
32,71,191,10,Summer,High
39,72,76,3,Summer,Low
23,70,34,0,Winter,Low
30,58,31,6,Summer,Medium
39,70,101,28,Winter,Low
37,88,40,20,Monsoon,Low
22,63,142,16,Summer,Low
34,81,121,3,Winter,High
31,46,16,21,Winter,Low
35,62,29,7,Winter,Low
29,58,23,29,Winter,Medium
27,64,110,4,Winter,Medium
30,84,74,1,Winter,Medium
37,53,92,16,Winter,Low
32,64,180,2,Winter,Low
32,51,128,11,Winter,Low
33,89,64,4,Summer,Low
32,74,186,28,Monsoon,High
30,76,36,25,Winter,Medium
23,84,172,0,Summer,Low
38,82,114,11,Monsoon,High
21,54,77,14,Monsoon,Medium
35,42,150,22,Winter,Low
36,66,30,4,Summer,Low
35,65,48,5,Winter,Low
35,60,44,12,Winter,Low
34,68,89,10,Monsoon,Medium
21,65,21,15,Monsoon,Low
35,78,41,30,Winter,Low
32,58,52,19,Winter,Low
24,87,137,29,Summer,Low
30,84,69,13,Summer,Medium
23,84,71,11,Summer,Low
39,78,172,5,Monsoon,High
32,67,147,27,Monsoon,Low
26,44,170,25,Monsoon,Medium
36,59,107,17,Summer,Low
38,89,50,5,Summer,Low
34,90,3,29,Monsoon,Low
28,75,191,11,Monsoon,Medium
25,43,35,12,Winter,Medium
20,65,172,28,Monsoon,Low
34,80,133,24,Summer,High
34,77,151,22,Winter,High
37,71,36,20,Summer,Low
38,75,129,19,Summer,High
26,40,91,21,Monsoon,Low
32,40,70,22,Summer,Medium
27,57,153,29,Winter,Medium
24,61,69,23,Summer,Low
31,78,150,3,Summer,High
23,59,11,25,Winter,Low
31,68,160,15,Winter,Low
31,81,25,15,Summer,Low
35,56,185,29,Winter,Low
32,51,121,7,Winter,Low
32,63,25,21,Winter,Low
40,82,63,4,Summer,Low
30,80,44,20,Monsoon,Medium
23,52,182,2,Winter,Low
33,80,64,20,Monsoon,Low
28,80,160,23,Monsoon,Medium
39,64,147,14,Summer,Low
36,51,80,28,Monsoon,Low
26,78,199,6,Winter,Medium
34,55,45,9,Summer,Low
31,46,54,28,Winter,Low
33,77,170,14,Monsoon,High
35,59,164,24,Winter,Low
33,64,143,20,Monsoon,Low
35,42,79,16,Monsoon,Low
22,55,110,12,Monsoon,Low
31,40,102,2,Winter,Low
28,66,27,21,Monsoon,Medium
28,88,170,4,Monsoon,Medium
40,55,19,11,Summer,Low
31,76,110,5,Summer,High
39,80,3,13,Summer,Low
25,71,8,24,Summer,Medium
26,82,115,19,Summer,Medium
28,81,195,20,Winter,Medium
30,75,40,19,Summer,Medium
40,70,16,6,Summer,Low
20,70,78,6,Monsoon,Low
31,71,23,7,Winter,Low
22,73,170,2,Winter,Low
31,84,143,5,Winter,High
27,68,69,22,Monsoon,Medium
39,50,44,22,Winter,Low
23,68,63,6,Monsoon,Low
27,43,36,0,Monsoon,Medium
22,52,85,29,Summer,Low
32,61,115,24,Monsoon,Low
28,57,133,19,Winter,Medium
26,78,84,6,Winter,Medium
23,89,64,14,Monsoon,Low
39,51,156,28,Summer,Low
32,54,103,1,Summer,Low
40,81,161,25,Summer,High
24,80,16,26,Winter,Low
20,87,137,15,Monsoon,Low
25,43,30,11,Monsoon,Medium
36,83,153,21,Winter,High
38,60,93,26,Winter,Low
23,41,77,7,Monsoon,Low
39,83,134,10,Summer,High
29,50,143,11,Monsoon,Medium
35,83,59,8,Summer,Low
32,44,86,12,Summer,Low
21,47,109,2,Summer,Low
21,85,84,6,Monsoon,Low
28,43,137,13,Summer,Medium
27,63,130,8,Monsoon,Medium
24,65,197,9,Winter,Low
21,41,186,25,Summer,Low
24,64,113,26,Winter,Low
29,85,30,18,Monsoon,Medium
39,70,27,22,Monsoon,Low
30,49,81,28,Winter,Medium
39,44,146,27,Monsoon,Low
34,68,160,17,Monsoon,Low
27,55,165,6,Winter,Medium
20,40,75,21,Monsoon,Low
29,70,94,4,Winter,Medium
20,57,41,25,Monsoon,Low
30,60,161,12,Monsoon,Medium
25,66,154,8,Winter,Medium
37,79,62,9,Monsoon,Low
27,59,11,10,Summer,Medium
38,47,47,3,Monsoon,Low
33,68,28,18,Winter,Low
22,78,183,13,Winter,Medium
25,65,67,24,Winter,Medium
34,86,168,24,Monsoon,High
32,40,50,3,Summer,Low
24,43,37,21,Winter,Low
38,79,161,25,Monsoon,High
33,85,7,16,Monsoon,Low
21,71,133,9,Summer,Low
34,89,71,7,Summer,Low
29,42,62,16,Winter,Medium
30,46,145,19,Winter,Medium
22,60,127,26,Monsoon,Low
30,54,68,0,Summer,Medium
30,64,21,19,Winter,Medium
28,85,58,1,Winter,Medium
32,69,64,11,Monsoon,Low
27,50,146,3,Monsoon,Low
24,75,91,14,Summer,Low
39,73,40,22,Monsoon,Low
20,73,147,25,Winter,Low
30,88,27,19,Monsoon,Medium
28,55,65,11,Monsoon,Medium
27,83,32,18,Winter,Medium
40,59,165,3,Monsoon,Low
30,50,8,19,Winter,Medium
31,75,198,18,Monsoon,High
39,58,14,26,Monsoon,Low
30,61,66,29,Summer,Medium
39,42,169,28,Winter,Low
36,70,12,5,Winter,Low
30,54,115,23,Winter,Medium
33,59,184,15,Summer,Low
25,78,84,29,Summer,Medium
26,47,56,26,Summer,Medium
27,61,60,5,Winter,Medium
33,79,59,2,Monsoon,Low
32,53,5,26,Winter,Low
26,45,123,19,Monsoon,Medium
32,68,6,27,Winter,Low
40,65,180,23,Summer,Low
34,71,7,16,Monsoon,Low
35,52,136,1,Monsoon,Low
25,50,87,14,Monsoon,Medium
37,49,97,30,Winter,Low
30,57,144,27,Winter,Medium
37,66,81,13,Monsoon,Low
35,84,154,18,Summer,High
33,44,190,12,Monsoon,Low
28,56,41,12,Monsoon,Medium
35,65,69,13,Summer,Low
30,56,99,14,Summer,Medium
33,87,165,29,Monsoon,High
25,58,14,5,Monsoon,Medium
29,85,73,26,Monsoon,Medium
31,51,199,25,Winter,Low
26,85,181,0,Monsoon,Medium
40,64,190,8,Summer,Low
36,85,54,9,Summer,Low
24,41,177,0,Summer,Low
38,90,24,11,Summer,Low
25,85,103,26,Summer,Medium
25,70,12,25,Winter,Medium
27,79,5,21,Monsoon,Medium
23,52,163,24,Monsoon,Low
27,78,158,17,Winter,Medium
24,84,198,24,Summer,Low
22,48,126,21,Summer,Low
28,55,0,25,Winter,Medium
37,87,4,14,Winter,Low
22,57,45,0,Summer,Low
30,58,160,21,Monsoon,Medium
39,44,98,11,Winter,Low
31,60,124,13,Summer,Low
21,78,191,7,Monsoon,Low
38,42,112,28,Summer,Low
28,56,138,8,Monsoon,Medium
35,73,120,20,Monsoon,High
39,62,112,26,Summer,Low
24,66,65,13,Winter,Low
26,41,144,30,Winter,Medium
30,70,152,3,Winter,Medium
32,56,136,19,Monsoon,Low
25,44,139,1,Summer,Medium
30,80,55,10,Winter,Medium
39,78,58,2,Winter,Low
30,51,40,30,Monsoon,Medium
34,81,46,28,Summer,Low
24,46,123,0,Summer,Low
27,85,23,7,Monsoon,Low
36,90,86,27,Summer,High
28,86,39,22,Summer,Medium
27,78,146,22,Winter,Medium
38,54,128,4,Winter,Low
30,90,23,16,Monsoon,Medium
34,59,155,1,Summer,High
31,82,93,15,Monsoon,High
26,40,45,0,Summer,Medium
26,70,153,18,Summer,Medium
40,75,13,3,Winter,Low
20,44,69,18,Summer,Low
25,52,102,2,Monsoon,Medium
40,77,178,16,Winter,High
23,52,55,24,Monsoon,Low
36,57,18,13,Winter,Low
39,84,7,19,Monsoon,Low
25,55,50,16,Summer,Medium
38,59,51,19,Monsoon,Low
29,63,136,1,Winter,Medium
31,73,150,29,Monsoon,High
31,52,166,3,Monsoon,Low
22,43,170,28,Summer,Low
32,84,48,5,Winter,Low
33,70,172,26,Winter,Low
29,58,137,15,Summer,Medium
28,63,197,28,Summer,Medium
33,61,81,17,Monsoon,Low
28,82,7,29,Monsoon,Medium
30,83,12,2,Monsoon,Medium
27,59,13,24,Winter,Medium
24,75,90,4,Monsoon,Low
39,84,136,21,Winter,High
27,84,10,26,Winter,Medium
21,64,39,22,Winter,Low
36,78,23,8,Monsoon,Low
22,86,147,27,Winter,Low
37,82,6,7,Summer,Low
25,57,168,3,Winter,Medium
22,51,90,24,Summer,Low
32,46,175,3,Summer,Low
22,43,52,7,Winter,Low
30,56,107,14,Summer,Medium
33,75,44,25,Winter,Low
37,54,184,30,Winter,Low
33,68,14,24,Winter,Low
26,72,84,12,Winter,Medium
22,62,139,26,Winter,Low
29,87,195,8,Winter,Medium
25,74,167,0,Winter,Medium
30,58,35,14,Monsoon,Medium
36,71,180,30,Monsoon,High
27,48,156,7,Monsoon,Medium
28,72,44,19,Winter,Medium
26,68,18,15,Monsoon,Medium
33,52,28,14,Monsoon,Low
35,88,102,15,Monsoon,High
30,84,22,7,Monsoon,Medium
36,85,6,23,Winter,Low
32,76,150,19,Winter,High
21,88,151,22,Monsoon,Low
29,66,134,6,Winter,Medium
39,74,49,19,Winter,Low
27,79,152,10,Summer,Medium
31,80,101,2,Winter,High
25,81,73,9,Winter,Medium
23,42,65,18,Summer,Low
24,40,0,22,Winter,Low
35,78,107,26,Summer,High
39,76,123,8,Monsoon,High
38,56,51,8,Monsoon,Low
39,80,183,29,Monsoon,High
34,71,158,13,Winter,High
22,75,107,17,Monsoon,Low
29,80,124,3,Monsoon,Medium
30,89,43,14,Winter,Medium
28,63,107,30,Monsoon,Medium
28,65,81,25,Summer,Medium
35,43,91,7,Winter,Low
22,77,191,15,Monsoon,Low
34,68,63,28,Monsoon,Low
34,67,37,2,Monsoon,Low
22,80,80,3,Winter,Low
34,83,134,2,Summer,High
37,68,159,7,Summer,Low
24,64,95,19,Winter,Low
24,79,148,22,Summer,Low
25,54,155,0,Winter,Medium
34,58,165,17,Winter,Low
30,61,177,16,Winter,Medium
34,71,184,19,Summer,High
35,60,25,23,Summer,Low
35,60,103,29,Monsoon,Low
28,63,199,26,Monsoon,Medium
21,55,22,16,Winter,Low
25,81,31,28,Monsoon,Medium
21,72,200,25,Winter,Low
38,46,87,8,Summer,Low
21,63,144,21,Winter,Low
31,45,148,1,Winter,Low
25,87,42,0,Summer,Medium
24,72,109,7,Monsoon,Low
34,61,58,11,Winter,Low
23,82,113,24,Winter,Low
34,77,177,9,Winter,High
25,57,12,1,Monsoon,Medium
40,78,165,26,Monsoon,High
22,40,132,12,Winter,Low
28,63,199,15,Monsoon,Medium
23,67,18,14,Summer,Low
20,71,59,8,Winter,Low
28,75,142,2,Summer,Medium
26,74,173,28,Monsoon,Low
27,45,156,14,Winter,Medium
36,49,158,4,Winter,Low
37,73,68,19,Monsoon,Low
33,64,118,10,Monsoon,Low
38,48,12,0,Winter,Low
33,60,26,20,Monsoon,Low
24,64,126,6,Summer,Low
32,70,81,21,Summer,Low
30,77,119,3,Monsoon,Medium
24,89,94,15,Winter,Low
38,61,69,30,Summer,Low
25,61,55,21,Summer,Medium
28,90,148,11,Monsoon,Medium
39,65,144,24,Summer,Low
26,86,68,25,Monsoon,Medium
28,84,26,26,Monsoon,Medium
34,67,197,9,Monsoon,Low
26,69,176,11,Winter,Medium
34,49,160,19,Summer,Low
29,66,120,28,Monsoon,Medium
20,48,128,19,Summer,Low
22,42,10,1,Summer,Low
35,56,52,28,Monsoon,Low
29,88,196,17,Summer,Medium
30,79,199,6,Monsoon,Medium
23,44,174,22,Summer,Low
33,73,143,21,Monsoon,High
37,89,43,12,Winter,Low
25,90,59,2,Monsoon,Medium
26,43,84,3,Summer,Medium
36,69,87,11,Summer,Low
30,85,65,16,Summer,Medium
29,61,67,12,Summer,Medium
34,86,199,18,Summer,High
29,66,142,3,Winter,Medium
26,90,156,29,Summer,Medium
36,63,21,2,Summer,Low
22,50,196,15,Monsoon,Low
26,52,60,7,Monsoon,Medium
39,76,40,30,Summer,Low
35,77,17,17,Monsoon,Low
37,50,67,22,Winter,Low
26,74,113,16,Winter,Medium
34,76,179,20,Monsoon,High
24,69,75,25,Monsoon,Low
38,85,0,27,Monsoon,Low
35,69,6,28,Summer,Low
36,69,155,20,Summer,Low
34,69,130,14,Summer,Low
21,51,5,3,Summer,Low
30,59,195,11,Winter,Medium
38,70,199,5,Summer,Low
24,56,63,16,Monsoon,Low
24,78,168,8,Summer,Low
28,89,36,18,Monsoon,Medium
33,62,53,10,Summer,Low
34,54,195,19,Summer,Low
28,48,170,5,Summer,Medium
32,82,151,18,Summer,High
27,55,135,11,Monsoon,Medium
35,78,60,25,Winter,Low
37,75,162,9,Monsoon,High
31,81,21,17,Summer,Low
40,79,109,16,Monsoon,High
23,79,137,6,Summer,Low
20,46,61,11,Monsoon,Low
34,47,171,0,Monsoon,Low
35,80,166,15,Winter,High
36,64,180,28,Winter,High
39,52,9,17,Winter,Low
32,75,137,17,Summer,High
31,79,35,29,Summer,Medium
35,82,109,5,Winter,High
30,63,63,29,Monsoon,Medium
22,62,132,29,Summer,Low
23,88,3,16,Winter,Low
35,53,158,4,Summer,Low
38,60,79,10,Monsoon,Low
29,45,187,2,Monsoon,Medium
31,48,150,21,Summer,High
22,63,109,4,Winter,Low
34,40,147,14,Monsoon,Low
30,56,70,2,Winter,Medium
24,41,188,14,Monsoon,Low
25,68,167,25,Monsoon,Medium
29,80,96,9,Monsoon,Medium
36,51,130,23,Winter,Low
36,48,108,24,Summer,Low
30,51,197,18,Monsoon,Medium
20,84,118,28,Summer,Low
31,85,14,4,Winter,High
35,49,23,9,Summer,Low
28,52,73,21,Summer,Medium
34,41,160,29,Winter,Low
29,58,131,21,Winter,Medium
25,70,170,23,Monsoon,Medium
32,84,190,10,Monsoon,High
23,66,43,23,Monsoon,High
32,89,124,26,Monsoon,High
35,43,51,9,Monsoon,Low
32,60,30,29,Monsoon,Low
28,41,169,22,Summer,Medium
29,69,118,9,Monsoon,Medium
24,51,114,18,Summer,Low
26,65,24,11,Summer,Medium
23,57,60,13,Summer,Low
24,44,141,15,Summer,Medium
32,59,99,28,Winter,Low
38,75,30,27,Monsoon,Low
30,80,97,1,Monsoon,Medium
36,40,74,20,Summer,Low
35,76,95,8,Summer,High
23,71,163,30,Summer,Low
28,61,1,22,Monsoon,Medium
26,43,81,19,Winter,Medium
35,70,58,8,Summer,Low
30,59,158,1,Summer,Medium
29,85,162,10,Summer,Medium
38,83,99,22,Summer,High
26,52,177,10,Monsoon,Medium
27,45,134,14,Winter,Medium
33,80,19,2,Summer,Low
36,41,138,4,Summer,Low
22,63,162,23,Summer,Low
36,61,188,25,Winter,Low
28,53,130,30,Monsoon,Medium
22,85,124,12,Monsoon,Low
27,87,163,11,Monsoon,Medium
37,81,187,17,Summer,High
20,87,175,15,Monsoon,Low
20,78,105,26,Monsoon,Low
31,74,170,13,Monsoon,High
28,59,196,5,Summer,Medium
25,70,16,0,Monsoon,Medium
34,61,30,7,Summer,Low
30,56,62,28,Monsoon,Low
31,75,149,6,Monsoon,High
38,54,82,30,Summer,Low
33,48,170,26,Monsoon,Medium
38,52,191,10,Summer,Low
21,70,196,26,Winter,Low
36,60,12,0,Monsoon,Low
37,55,140,24,Monsoon,Low
22,72,71,16,Monsoon,Low
29,66,162,30,Monsoon,Medium
24,66,193,28,Monsoon,Low
26,84,50,14,Summer,Medium
23,87,5,28,Winter,Low
26,84,161,19,Summer,Medium
36,83,105,27,Monsoon,High
40,68,123,20,Winter,Low
27,76,170,19,Winter,Medium
29,72,46,30,Monsoon,Medium
25,80,181,1,Summer,Medium
35,85,110,17,Monsoon,High
40,43,85,20,Winter,Low
32,87,29,22,Winter,Low
26,90,66,16,Winter,Medium
26,73,146,0,Monsoon,Medium
24,47,35,0,Winter,Low
20,64,64,6,Winter,Low
31,80,143,30,Winter,High
32,75,183,23,Monsoon,High
32,62,129,8,Winter,Low
22,72,118,26,Winter,Low
27,76,135,24,Summer,Medium
40,76,163,5,Summer,High
34,63,34,24,Summer,Low
28,90,14,29,Summer,Medium
28,75,26,25,Summer,High
32,57,76,0,Monsoon,Medium
38,83,18,11,Winter,Low
24,55,170,24,Summer,Low
30,53,63,10,Summer,Medium
39,76,116,25,Summer,High
23,88,13,7,Summer,Low
35,86,53,29,Monsoon,Low
23,77,38,25,Winter,Low
26,86,105,24,Winter,Medium
40,40,190,5,Monsoon,Low
30,64,157,28,Summer,Medium
22,89,7,12,Winter,Low
20,78,172,30,Winter,Low
33,64,9,18,Summer,Low
26,80,171,30,Summer,Medium
26,74,169,10,Summer,Medium
26,55,19,19,Monsoon,Medium
28,47,69,0,Summer,Medium
32,47,186,18,Monsoon,Low
25,75,145,20,Monsoon,Medium
29,51,148,20,Winter,Medium
26,58,128,22,Summer,Medium
32,63,198,13,Summer,Low
34,64,83,15,Winter,Low
28,90,25,1,Winter,Medium
37,90,33,9,Winter,Low
32,65,25,21,Monsoon,Low
38,48,95,7,Summer,Low
27,79,143,8,Summer,Medium
39,42,78,22,Winter,Low
21,49,146,10,Monsoon,Low
37,66,130,8,Monsoon,Low
27,40,92,24,Winter,Medium
38,81,151,2,Monsoon,High
29,56,67,4,Summer,Medium
32,45,171,23,Winter,Low
27,51,194,25,Summer,Low
34,59,95,2,Summer,Low
28,70,72,13,Summer,Medium
28,65,132,15,Summer,Medium
23,53,31,5,Winter,Low
24,43,74,16,Summer,Low
40,79,8,12,Winter,Low
27,68,70,9,Summer,Medium
37,57,126,21,Monsoon,Low
27,59,34,8,Monsoon,Medium
20,51,50,28,Summer,Low
25,83,127,6,Summer,Medium
24,80,116,1,Monsoon,Low
32,55,199,27,Monsoon,Low
26,71,18,4,Summer,High
34,62,191,13,Summer,Low
27,41,125,23,Summer,Medium
31,87,27,29,Summer,Low
40,85,31,5,Summer,Low
35,60,108,23,Monsoon,Low
32,60,175,12,Monsoon,Low
39,50,197,27,Summer,Low
20,50,9,28,Monsoon,Low
22,48,199,25,Monsoon,Low
22,69,62,26,Winter,Low
29,77,7,9,Monsoon,Medium
38,78,30,9,Winter,Low
26,72,51,22,Summer,Medium
34,90,90,28,Winter,High
28,41,164,15,Monsoon,Medium
30,77,164,10,Monsoon,Medium
38,56,171,8,Winter,Low
37,65,153,13,Summer,Low
35,54,119,25,Summer,Low
23,86,159,29,Summer,Low
40,52,178,16,Winter,Low
22,72,104,5,Summer,Low
36,75,8,17,Monsoon,Low
22,46,66,11,Winter,Low
24,82,82,28,Winter,Low
35,64,168,16,Winter,Low
26,61,79,20,Summer,Medium
22,85,0,16,Summer,Low
26,63,119,30,Summer,Medium
25,86,140,18,Winter,Medium
22,60,66,11,Monsoon,Low
31,62,132,29,Monsoon,Low
21,40,71,6,Monsoon,Low
39,42,168,14,Summer,Low
23,61,14,20,Winter,Low
30,69,120,10,Summer,Medium
22,74,160,0,Summer,Low
28,63,6,14,Winter,Medium
31,41,0,3,Winter,Low
37,40,15,5,Monsoon,Low
35,84,71,3,Summer,Low
29,40,81,21,Monsoon,Medium
30,89,13,7,Summer,Medium
21,77,190,5,Winter,Low
25,73,15,27,Summer,Medium
39,88,32,28,Winter,Low
35,85,163,30,Monsoon,High
33,51,198,5,Winter,Low
29,86,67,14,Winter,Medium
31,71,13,7,Monsoon,Low
39,52,20,2,Summer,Low
38,42,193,25,Summer,Low
20,53,173,28,Monsoon,Low
37,66,131,2,Summer,Low
29,45,113,0,Monsoon,Medium
23,68,64,18,Summer,Low
22,58,147,30,Monsoon,Low
35,65,85,3,Summer,Low
40,43,6,1,Summer,Low
37,60,130,1,Summer,Low
20,86,71,5,Winter,Low
20,81,46,3,Winter,Low
38,41,174,29,Winter,Low
36,41,10,28,Monsoon,Low
40,58,80,25,Winter,Low
28,48,187,29,Winter,Medium
34,82,180,3,Monsoon,High
40,85,56,19,Monsoon,Low
40,46,94,29,Winter,Low
25,45,178,18,Summer,Medium
25,86,0,4,Monsoon,Medium
38,59,24,18,Monsoon,Low
27,67,125,3,Summer,Medium
27,67,93,11,Winter,Medium
23,46,68,16,Monsoon,Low
24,89,144,15,Winter,Low
35,83,22,13,Summer,Low
28,88,64,23,Winter,Medium
37,89,69,8,Winter,Low
27,70,5,16,Winter,Medium
29,62,21,15,Winter,Medium
34,56,70,21,Monsoon,Low
24,61,25,30,Summer,Low
25,59,46,1,Winter,Medium
24,69,84,6,Monsoon,Low
34,76,121,17,Monsoon,High
29,44,13,11,Monsoon,Medium
29,71,55,2,Summer,Medium
30,57,129,14,Summer,Medium
22,70,55,6,Monsoon,Low
28,74,15,17,Winter,Medium
37,63,172,28,Monsoon,Low
24,75,58,17,Winter,Low
33,75,105,8,Winter,High
38,47,156,6,Winter,Low
29,82,16,5,Monsoon,Medium
24,81,118,20,Monsoon,Low
20,56,186,12,Winter,Medium
24,76,124,8,Winter,Low
23,67,43,4,Winter,Low
32,52,187,4,Monsoon,Low
33,53,6,22,Summer,Low
31,46,112,29,Winter,Low
24,41,97,9,Monsoon,Low
33,85,152,5,Monsoon,High
35,58,112,13,Monsoon,Low
38,72,153,9,Winter,High
28,77,134,28,Monsoon,Medium
37,63,49,10,Monsoon,Low
38,56,155,5,Winter,Low
37,79,131,8,Monsoon,High
40,72,61,15,Summer,Low
31,45,5,11,Winter,Low
36,74,28,23,Summer,Low
20,47,28,22,Winter,Low
33,61,166,28,Monsoon,Low
24,46,140,9,Winter,Low
37,73,198,15,Monsoon,High
26,41,102,22,Monsoon,Medium
35,42,66,2,Summer,Low
20,54,23,11,Monsoon,Low
40,87,39,21,Summer,Low
30,46,4,10,Monsoon,Medium
24,72,5,27,Summer,Low
36,69,74,25,Monsoon,Low
34,74,67,8,Winter,Low
36,45,113,23,Winter,Low
22,72,81,7,Monsoon,Low
39,41,85,17,Winter,Low
23,49,112,11,Winter,Low
26,73,161,21,Monsoon,Medium
33,86,197,16,Winter,High
30,82,71,1,Winter,Medium
30,81,123,26,Summer,Medium
21,72,38,3,Summer,Low
35,51,89,3,Monsoon,Low
28,51,148,8,Winter,Medium
25,67,121,18,Summer,Medium
29,56,62,17,Monsoon,Medium
33,87,126,9,Summer,High
33,72,177,29,Winter,High
38,41,89,14,Summer,Low
35,64,56,14,Summer,Low
25,86,140,22,Winter,Medium
35,58,132,0,Summer,Low
21,85,132,22,Summer,Low
29,83,175,16,Summer,Medium
39,74,195,13,Monsoon,High
29,72,183,22,Monsoon,Medium
35,83,48,21,Monsoon,Low
34,52,104,11,Summer,Low
34,66,17,21,Summer,Low
23,41,190,3,Monsoon,Low
37,83,197,18,Monsoon,High
27,78,87,26,Monsoon,Medium
30,42,122,13,Summer,Medium
34,67,146,17,Summer,Low
36,63,4,23,Winter,Low
24,83,102,29,Winter,Low
26,81,5,17,Monsoon,Medium
37,61,94,22,Monsoon,Low
28,46,136,30,Monsoon,Medium
33,44,99,14,Winter,Low
28,88,143,15,Winter,Medium
23,43,115,25,Summer,Low
26,63,184,0,Winter,Medium
33,46,28,11,Monsoon,Low
39,86,111,19,Summer,High
38,55,160,4,Summer,Low
39,49,118,28,Summer,Low
37,41,138,11,Summer,Low
25,66,55,22,Summer,Medium
33,89,2,13,Winter,Low
27,54,134,13,Winter,Low
36,73,20,1,Summer,Low
24,44,174,10,Monsoon,Low
33,56,44,20,Monsoon,Low
27,75,55,26,Summer,Medium
38,72,115,18,Monsoon,High
28,70,27,22,Winter,Medium
25,53,111,0,Monsoon,Medium
23,48,34,0,Summer,Low
32,59,117,3,Monsoon,Low
25,86,67,18,Winter,Medium
32,43,56,1,Winter,Low
20,50,13,16,Monsoon,Low
35,81,151,0,Monsoon,High
20,86,60,2,Winter,Low
22,47,188,2,Winter,Low
36,52,95,2,Winter,Low
36,52,27,28,Summer,Low
36,40,113,19,Winter,Low
25,51,132,2,Winter,Medium
31,80,199,20,Winter,High
24,57,44,9,Summer,Low
34,69,63,11,Winter,Low
24,40,73,30,Winter,Low
34,43,153,14,Summer,Low
34,79,66,21,Summer,Low
30,73,97,6,Winter,Medium
28,55,121,26,Summer,Medium
22,78,10,8,Summer,Low
32,61,181,9,Winter,Low
34,87,110,21,Summer,High
40,60,45,22,Summer,Low
40,80,57,4,Summer,Low
34,61,150,19,Winter,Low
28,40,146,5,Monsoon,Low
39,66,17,0,Monsoon,Low
25,45,147,10,Winter,Medium
26,87,186,8,Summer,Medium
27,67,158,22,Winter,Medium
33,74,131,19,Summer,High
29,47,131,2,Winter,Medium
29,60,170,1,Winter,Medium
38,88,199,4,Summer,High
29,61,154,30,Summer,Medium
35,87,171,14,Summer,High
31,76,150,23,Winter,High
30,60,172,20,Winter,Medium
37,78,23,26,Winter,Low
31,48,36,20,Summer,Low
34,45,191,26,Monsoon,Low
33,65,20,1,Monsoon,Low
24,66,87,30,Summer,Low
28,56,194,19,Winter,Medium
34,65,63,5,Winter,Low
32,90,46,30,Summer,Low
29,58,84,27,Winter,Medium
38,82,157,30,Summer,High
35,62,188,19,Summer,Low
34,58,7,29,Summer,Low
22,74,22,22,Monsoon,Low
26,43,70,17,Monsoon,Medium
24,87,198,30,Summer,Low
27,57,5,6,Summer,Medium
37,54,191,30,Summer,Low
26,56,39,19,Monsoon,Medium
39,79,87,13,Winter,High
32,67,21,4,Monsoon,Low
38,81,67,15,Winter,Low
31,78,67,25,Winter,Low
24,68,69,27,Summer,Low
37,55,133,23,Summer,Low
25,43,175,27,Monsoon,Medium
34,46,0,24,Summer,Low
25,49,0,4,Monsoon,Medium
26,58,15,7,Winter,Medium
28,75,13,17,Summer,Medium
36,41,16,12,Monsoon,Low
27,66,54,22,Monsoon,Medium
34,51,1,6,Summer,Low
33,49,60,14,Winter,Low
37,54,179,23,Monsoon,Low
25,55,149,0,Monsoon,Medium
31,42,158,26,Monsoon,Low
31,44,6,0,Monsoon,Low
33,43,131,10,Summer,Low
35,41,105,24,Monsoon,Low
22,46,194,11,Summer,Low
34,43,146,13,Winter,Low
28,45,85,5,Summer,Medium
37,66,50,20,Summer,Low
30,86,44,2,Monsoon,Medium
27,47,70,2,Monsoon,Medium
20,67,195,12,Summer,Low
28,69,198,3,Monsoon,Medium
27,88,188,25,Summer,Medium
35,50,66,27,Winter,Low
35,53,40,26,Winter,Low
23,77,43,8,Summer,Low
39,81,148,25,Summer,High
28,89,179,5,Summer,Medium
31,53,17,29,Winter,Low
25,75,143,24,Summer,Medium
27,86,17,1,Summer,Medium
35,58,118,0,Monsoon,Low
27,66,60,28,Winter,Medium
39,73,76,14,Monsoon,Low
34,67,139,23,Summer,Low
29,80,41,14,Summer,Medium
37,47,197,5,Winter,Low
32,71,162,17,Winter,High
39,42,72,30,Monsoon,Low
27,66,3,29,Winter,Medium
29,54,76,13,Monsoon,Medium
38,77,142,6,Monsoon,High
25,77,149,27,Monsoon,Medium
22,44,145,13,Winter,Low
26,83,170,14,Summer,Medium
34,51,72,22,Monsoon,Low
38,88,41,3,Monsoon,Low
32,67,99,8,Monsoon,Low
28,63,195,7,Monsoon,Medium
40,71,55,0,Monsoon,Low
26,76,77,10,Monsoon,Medium
36,72,88,1,Winter,High
28,70,69,0,Winter,Medium
20,63,117,1,Monsoon,Low
34,84,5,25,Winter,Low
27,45,196,5,Winter,Medium
33,78,100,23,Winter,High
24,88,10,7,Winter,Low
22,73,54,24,Winter,Low
32,55,170,12,Winter,Low
20,78,53,17,Monsoon,Low
22,86,38,18,Winter,Low
32,61,37,12,Summer,Medium
24,64,145,27,Winter,Low
36,61,155,2,Monsoon,Low
31,62,26,2,Winter,Low
36,87,129,9,Winter,High
20,56,111,5,Monsoon,Low
33,65,35,7,Monsoon,Low
32,67,38,29,Winter,Low
34,84,167,17,Summer,High
33,52,50,18,Winter,Low
32,46,6,2,Monsoon,Low
26,84,40,27,Monsoon,Medium
36,83,108,1,Summer,High
23,72,127,17,Summer,Low
36,68,59,26,Winter,Low
34,59,96,27,Summer,Low
22,87,118,5,Monsoon,Low
22,80,200,21,Monsoon,Low
30,54,14,17,Summer,Medium
25,71,200,24,Summer,Medium
35,60,42,26,Summer,Low
28,86,63,4,Monsoon,Medium
26,85,166,12,Monsoon,Medium
33,75,127,1,Winter,High
25,72,167,3,Monsoon,Medium
28,50,80,5,Summer,Medium
20,90,50,24,Monsoon,Low
20,45,151,25,Monsoon,Medium
24,44,63,20,Winter,Low
27,76,130,10,Winter,Medium
40,81,194,30,Summer,High
26,70,65,11,Winter,Medium
26,79,137,29,Summer,Medium
30,40,36,26,Monsoon,Medium
22,59,68,8,Winter,Low
27,87,62,19,Winter,Medium
29,55,4,7,Monsoon,Medium
38,73,124,9,Winter,High
31,61,108,0,Winter,Low
34,82,168,24,Summer,High
39,89,112,17,Summer,High
37,53,193,28,Winter,Low
36,41,98,0,Winter,Low
26,60,186,22,Summer,Medium
27,90,39,11,Winter,Low
32,53,47,22,Summer,Low
33,82,37,9,Monsoon,Low
27,72,32,30,Summer,Medium
22,50,8,3,Monsoon,Low
34,74,28,4,Monsoon,Low
32,88,181,22,Winter,High
23,70,91,7,Winter,Low
25,88,54,21,Summer,Medium
30,81,112,10,Monsoon,Medium
22,74,119,29,Winter,Low
21,56,60,29,Summer,Low
25,41,68,19,Summer,Medium
39,80,130,7,Monsoon,High
37,53,138,20,Summer,Low
40,70,165,2,Winter,Low
29,79,127,19,Monsoon,Medium
30,45,18,1,Winter,Medium
25,88,45,16,Winter,Medium
35,44,5,16,Monsoon,Low
25,82,83,10,Winter,Medium
30,50,165,23,Winter,Medium
25,81,73,27,Monsoon,Medium
23,43,26,29,Monsoon,Low
34,65,51,3,Monsoon,Low
29,65,187,24,Winter,Medium
35,75,107,17,Monsoon,High
27,81,146,30,Winter,Medium
34,59,103,3,Summer,Low
34,66,194,20,Summer,Low
33,45,46,19,Monsoon,Low
40,64,153,24,Winter,Low
40,67,56,23,Summer,Low
22,59,198,25,Monsoon,Low
29,68,101,2,Winter,Medium
30,84,192,9,Summer,Medium
26,42,193,19,Winter,Medium
40,57,11,16,Winter,Low
23,47,178,27,Winter,Low
28,61,134,19,Summer,Medium
22,43,1,6,Summer,Low
26,47,35,27,Monsoon,Medium
24,49,148,10,Winter,Low
21,75,197,28,Summer,Low
33,66,75,14,Summer,Low
36,73,64,26,Monsoon,Low
40,87,41,5,Winter,Low
36,49,30,20,Monsoon,Low
20,69,149,19,Winter,Low
28,57,13,11,Summer,Medium
37,52,24,13,Winter,High
35,44,6,25,Monsoon,Low
37,60,152,2,Summer,High
31,56,72,16,Monsoon,Low
21,85,3,19,Winter,Low
30,72,128,28,Winter,Medium
31,71,104,4,Winter,High
34,90,66,24,Monsoon,Low
21,74,79,21,Summer,Low
27,77,37,19,Winter,Medium
22,50,94,17,Summer,Low
34,77,87,24,Monsoon,High
23,73,42,28,Monsoon,Low
38,85,41,15,Summer,Low
37,90,87,29,Monsoon,High
28,46,49,8,Monsoon,Medium
35,86,155,12,Summer,High
27,56,27,28,Summer,Medium
31,42,186,9,Monsoon,Low
34,81,73,19,Winter,Low
29,48,77,9,Monsoon,Medium
35,71,147,30,Summer,High
28,59,9,20,Monsoon,Medium
27,75,164,15,Summer,Medium
39,69,45,16,Summer,Low
36,57,108,19,Monsoon,Low
37,81,135,17,Monsoon,High
22,59,57,29,Monsoon,Low
30,79,135,5,Winter,Medium
39,81,52,23,Monsoon,Low
32,85,102,27,Summer,High
27,71,61,13,Monsoon,Medium
20,74,180,14,Monsoon,Low
30,86,158,22,Summer,Medium
39,76,80,24,Summer,Low
28,83,132,14,Summer,Medium
39,66,60,4,Summer,Low
24,57,169,8,Monsoon,Low
23,87,160,30,Monsoon,Low
26,66,19,21,Summer,Medium
30,40,36,12,Summer,Medium
39,54,99,23,Winter,Low
29,54,162,30,Summer,Medium
23,64,103,8,Monsoon,Low
37,59,92,12,Winter,Low
27,51,146,3,Monsoon,Medium
22,63,60,26,Monsoon,Low
21,70,33,6,Winter,Low
35,46,190,12,Winter,Low
26,45,51,22,Winter,Medium
40,63,111,18,Summer,Low
37,68,59,0,Summer,Low
33,64,37,7,Monsoon,Medium
36,83,13,10,Winter,Low
39,79,111,21,Summer,Medium
30,71,77,8,Winter,Medium
38,51,178,0,Summer,Low
40,61,122,27,Monsoon,Low
27,73,7,28,Summer,Medium
26,87,44,24,Monsoon,Medium
30,42,86,4,Winter,Medium
23,88,57,6,Winter,Low
23,48,47,20,Summer,Low
37,82,171,29,Winter,High
20,73,174,13,Monsoon,Low
23,50,17,5,Winter,Low
37,55,8,8,Monsoon,Low
31,70,162,11,Summer,Low
25,81,23,13,Monsoon,Medium
39,68,178,22,Monsoon,Low
26,65,177,22,Summer,Low
28,55,74,14,Summer,Medium
27,61,104,2,Summer,Medium
23,45,178,28,Monsoon,Low
20,45,122,21,Winter,Low
28,51,64,22,Monsoon,Medium
29,52,48,13,Winter,Medium
23,51,43,6,Winter,Low
39,64,21,30,Winter,Low
31,50,121,4,Winter,Low
32,75,86,10,Summer,High
28,52,101,9,Winter,Medium
28,79,25,28,Monsoon,Medium
40,53,139,25,Monsoon,Low
38,80,147,1,Summer,High
39,50,158,13,Winter,Low
21,63,134,18,Monsoon,Low
39,41,154,3,Winter,Low
33,63,5,30,Monsoon,Medium
37,56,31,23,Monsoon,Low
32,85,125,26,Summer,High
31,73,22,21,Monsoon,Low
27,74,73,7,Monsoon,Medium
23,81,195,2,Winter,Low
33,87,101,4,Summer,High
38,83,74,2,Summer,Low
24,67,75,15,Summer,Low
37,71,33,3,Summer,Low
36,42,87,17,Monsoon,Low
40,68,47,10,Winter,Low
30,54,138,22,Summer,Medium
39,59,134,27,Monsoon,Low
33,43,28,0,Summer,Low
30,47,182,4,Summer,Medium
40,84,48,8,Winter,Low
20,76,196,11,Summer,Low
22,87,130,29,Summer,Low
23,57,177,3,Monsoon,Low
36,65,181,0,Summer,Low
34,88,88,14,Summer,High
25,52,1,2,Winter,Medium
22,44,171,22,Monsoon,Medium
26,72,144,3,Summer,Medium
22,69,80,27,Summer,Low
25,67,106,8,Summer,Medium
36,71,103,18,Winter,High
39,89,188,3,Monsoon,High
31,88,91,30,Monsoon,High
22,65,159,14,Monsoon,Low
36,58,161,11,Monsoon,Low
24,63,154,10,Winter,Low
35,75,49,28,Winter,Low
24,73,113,17,Monsoon,High
21,73,84,1,Winter,Low
37,69,70,12,Monsoon,Low
23,80,2,23,Winter,Low
30,50,118,27,Monsoon,Medium
21,47,130,20,Summer,Low
31,78,153,15,Winter,High
28,50,15,7,Winter,Medium
33,41,54,28,Summer,High
26,41,45,4,Summer,Medium
31,48,130,28,Summer,Low
34,56,123,1,Summer,Low
25,88,37,14,Summer,Medium
32,56,146,9,Monsoon,Low
35,63,28,20,Summer,Low
39,70,189,5,Summer,Low
39,60,54,15,Summer,Low
40,57,182,1,Monsoon,Low
22,49,56,29,Monsoon,Low
23,79,23,10,Monsoon,Low
40,70,88,17,Winter,Low
23,41,165,2,Summer,Low
27,65,108,25,Winter,Medium
24,54,180,29,Monsoon,Low
26,83,113,26,Monsoon,Medium
38,88,154,13,Monsoon,High
29,77,198,28,Monsoon,Medium
25,53,48,19,Winter,Low
34,68,153,6,Summer,Low
30,59,122,18,Summer,Medium
23,45,47,27,Summer,Low
22,54,162,3,Summer,Low
31,84,7,6,Summer,Low
20,88,91,13,Winter,Low
26,57,64,19,Winter,Medium
39,65,112,7,Summer,Low
21,53,185,6,Summer,Low
21,57,82,15,Monsoon,Low
27,45,53,1,Summer,Medium
30,60,82,2,Winter,Medium
25,62,154,17,Monsoon,Medium
32,77,94,9,Summer,High
20,62,24,28,Winter,Low
22,48,77,6,Winter,Low
21,88,38,28,Summer,Low
32,56,70,18,Monsoon,Low
24,47,118,6,Summer,Low
21,81,78,0,Winter,Low
25,58,120,18,Winter,Medium
38,54,8,29,Summer,Low
30,56,113,8,Winter,Medium
40,59,87,7,Monsoon,Low
22,58,107,26,Summer,Low
35,40,77,0,Summer,Low
21,47,8,15,Summer,Low
35,90,33,25,Summer,Low
28,48,141,26,Monsoon,Medium
24,50,114,26,Winter,Low
26,51,179,22,Winter,Medium
33,52,152,19,Summer,Low
30,87,67,6,Summer,Medium
20,57,70,4,Winter,Low
35,79,26,11,Summer,Low
22,54,63,23,Monsoon,Low
32,56,75,9,Summer,Low
23,83,126,2,Summer,Low
22,63,91,3,Winter,Low
40,88,77,12,Winter,Low
22,55,38,20,Summer,Low
38,64,123,12,Summer,Low
23,68,163,12,Winter,Low
32,49,47,5,Monsoon,Low
32,72,168,11,Summer,Low
34,47,44,23,Monsoon,Low
33,60,65,1,Monsoon,Low
39,78,7,13,Monsoon,Low
30,45,182,4,Monsoon,Medium
32,46,146,28,Monsoon,Low
20,44,26,16,Monsoon,Low
37,68,197,9,Summer,Low
26,86,88,1,Summer,Medium
30,55,20,3,Monsoon,Medium
20,64,27,1,Monsoon,Low
40,82,40,17,Monsoon,Low
36,81,52,14,Monsoon,Low
40,90,120,2,Winter,High
36,54,23,13,Monsoon,Low
25,68,111,14,Summer,Medium
27,57,171,28,Monsoon,Medium
38,46,119,21,Winter,Low
35,53,10,4,Summer,Low
33,53,153,12,Summer,Low
22,75,39,7,Winter,Low
34,42,75,0,Monsoon,Low
24,84,163,1,Winter,Low
35,50,147,29,Winter,Low
22,87,64,5,Monsoon,Low
30,70,80,3,Monsoon,Medium
32,76,188,4,Summer,High
39,90,89,11,Summer,High
32,60,179,28,Winter,Low
24,82,34,1,Summer,Low
25,80,42,20,Monsoon,Medium
25,67,36,10,Winter,Medium
28,50,54,25,Winter,Medium
33,47,111,30,Winter,Low
35,48,26,20,Monsoon,Low
35,49,195,9,Summer,Low
30,53,125,14,Monsoon,Medium
25,58,185,13,Summer,Medium
38,75,79,13,Monsoon,Low
30,64,141,9,Winter,Medium
33,48,196,15,Winter,Low
22,47,67,30,Winter,Low
26,54,61,17,Winter,Medium
38,56,123,9,Summer,Low
25,71,36,25,Winter,Medium
32,88,76,10,Monsoon,Low
35,89,14,25,Monsoon,Low
34,82,109,17,Monsoon,High
21,78,162,25,Winter,Low
37,90,142,8,Winter,High
23,66,126,24,Winter,Low
34,59,158,30,Monsoon,High
34,48,111,27,Winter,Low
30,62,4,25,Summer,Medium
40,65,81,25,Winter,Low
32,80,14,16,Winter,Low
39,84,148,5,Winter,High
38,82,8,24,Winter,Low
31,55,135,9,Monsoon,Low
20,44,46,29,Monsoon,Low
27,60,154,21,Winter,Medium
29,50,116,24,Summer,Medium
33,48,112,13,Summer,Low
33,69,105,15,Winter,Low
38,65,7,5,Winter,Low
36,83,146,24,Summer,High
20,50,26,21,Winter,Low
30,53,113,12,Winter,Medium
29,74,148,19,Monsoon,Medium
30,40,27,29,Summer,Medium
40,63,14,6,Monsoon,Low
28,83,168,28,Summer,Medium
25,69,147,5,Summer,Medium
20,83,78,14,Winter,Low
31,41,103,12,Winter,Low
39,64,53,26,Monsoon,Low
21,74,74,21,Winter,Low
26,46,199,27,Winter,Medium
39,43,197,21,Monsoon,High
28,45,199,1,Winter,Medium
21,86,188,1,Monsoon,Low
39,68,30,8,Winter,Low
25,85,32,17,Monsoon,Medium
24,90,128,27,Summer,Low
38,45,198,21,Summer,Low
30,90,60,26,Summer,Medium
22,75,56,25,Summer,Low
20,65,175,18,Monsoon,Low
28,88,96,24,Monsoon,Medium
25,80,17,5,Monsoon,Medium
34,79,167,20,Summer,High
34,85,162,27,Summer,High
23,85,7,27,Monsoon,Low
23,65,30,2,Monsoon,Low
32,63,121,9,Winter,Low
20,78,103,18,Winter,Low
27,52,129,21,Winter,Medium
36,88,44,18,Winter,Low
37,82,185,4,Winter,High
25,40,131,10,Monsoon,Medium
32,54,153,1,Summer,Low
31,89,79,25,Summer,Low
25,45,127,13,Monsoon,Medium
22,73,43,28,Monsoon,Low
34,61,38,3,Winter,Low
32,50,183,6,Winter,Low
31,84,137,17,Winter,Medium
25,52,198,2,Monsoon,Medium
34,69,4,26,Summer,High
38,69,112,29,Winter,Low
23,63,185,28,Winter,Low
40,64,113,28,Summer,Low
35,69,63,25,Monsoon,Low
27,73,198,19,Summer,Medium
31,46,91,20,Winter,Low
22,56,20,1,Monsoon,Low
26,71,142,4,Summer,Medium
35,75,31,30,Summer,Low
23,74,182,15,Winter,Low
30,83,75,19,Winter,Medium
21,53,142,6,Winter,Low
36,88,90,22,Monsoon,High
26,71,135,14,Winter,Medium
28,66,176,3,Summer,Medium
38,73,81,8,Winter,High
26,90,115,5,Summer,Medium
26,45,155,4,Winter,Medium
38,53,185,26,Summer,Low
32,62,103,27,Winter,Low
21,73,111,22,Summer,Low
39,69,23,13,Monsoon,Low
39,81,28,13,Summer,Low
31,70,132,23,Winter,Low
27,65,73,14,Summer,Medium
24,84,117,13,Monsoon,Low
29,76,36,8,Summer,Medium
32,90,144,5,Winter,High
24,69,52,29,Monsoon,Low
37,41,53,23,Winter,Low
25,72,147,23,Monsoon,Medium
27,70,83,8,Monsoon,Medium
40,87,15,15,Winter,Low
39,57,106,10,Monsoon,Low
38,70,69,20,Winter,Low
29,78,115,26,Monsoon,Medium
26,47,168,19,Monsoon,Medium
32,42,13,14,Monsoon,Low
22,85,124,7,Winter,Low
24,46,37,6,Summer,Low
35,68,87,18,Summer,Low
26,87,111,7,Summer,Medium
32,78,22,21,Winter,Low
26,66,30,21,Monsoon,Medium
39,51,92,2,Monsoon,Low
28,62,199,22,Monsoon,Medium
27,55,176,12,Summer,Medium
20,90,52,29,Winter,Low
40,70,108,15,Summer,Low
24,71,47,3,Monsoon,Low
24,51,175,14,Summer,Low
40,80,103,6,Winter,High
29,58,28,14,Monsoon,Medium
33,85,172,27,Winter,High
33,50,71,0,Monsoon,Low
38,66,32,16,Winter,Low
23,76,29,28,Winter,Low
24,42,128,28,Monsoon,Low
21,62,62,20,Monsoon,Low
30,64,198,3,Monsoon,Medium
40,75,97,5,Winter,High
36,51,127,2,Summer,Low
33,43,133,16,Monsoon,Low
38,68,147,30,Monsoon,Low
38,75,52,22,Winter,Low
28,52,37,19,Winter,Medium
21,84,10,4,Winter,Low
31,69,120,11,Summer,Low
22,57,131,14,Winter,Low
22,79,85,20,Winter,Low
39,68,147,27,Winter,Low
22,52,17,4,Summer,Low
34,55,55,8,Monsoon,Low
38,45,134,10,Winter,Low
23,81,198,12,Winter,High
27,57,89,28,Winter,Medium
21,63,157,26,Monsoon,Low
36,75,22,22,Summer,Low
38,43,32,23,Monsoon,Low
29,62,191,4,Summer,Medium
29,86,3,6,Monsoon,Medium
24,41,167,10,Summer,Low
34,56,115,15,Winter,Low
22,51,76,6,Monsoon,Low
36,50,189,20,Winter,Low
28,66,136,25,Summer,Medium
21,69,75,25,Winter,Low
39,82,54,25,Monsoon,Low
26,56,8,16,Summer,Medium
30,72,134,5,Winter,Medium
29,67,27,14,Winter,Medium
23,58,142,8,Summer,Low
26,41,166,18,Winter,Medium
20,51,181,22,Summer,Low
21,50,42,6,Winter,Low
39,72,26,9,Monsoon,Low
38,83,118,18,Winter,High
36,50,18,14,Winter,Low
25,68,112,6,Summer,Medium
25,67,68,3,Winter,Medium
35,90,50,25,Summer,Low
40,72,16,12,Monsoon,Low
27,41,96,26,Summer,Medium
32,71,73,14,Winter,Low
28,77,148,20,Summer,Medium
40,85,155,17,Monsoon,High
37,85,164,10,Monsoon,High
28,52,191,26,Summer,Medium
27,89,39,5,Winter,Medium
33,51,156,4,Winter,Low
29,41,23,17,Summer,Medium
39,68,92,12,Winter,Low
32,58,70,6,Monsoon,Low
29,67,108,24,Summer,Medium
25,51,155,27,Summer,Medium
38,83,156,19,Summer,High
31,78,183,9,Monsoon,High
35,80,175,23,Winter,High
20,62,171,22,Summer,Low
33,66,46,27,Monsoon,Low
28,65,146,0,Summer,Medium
28,61,99,20,Monsoon,Medium
32,44,173,4,Monsoon,Low
32,49,189,27,Winter,Low
20,53,142,19,Summer,Low
24,61,194,1,Summer,Low
30,86,164,27,Winter,Medium
31,61,196,0,Winter,Low
29,43,29,28,Summer,Medium
28,40,93,27,Winter,Medium
37,47,146,24,Summer,Low
38,54,110,23,Summer,Low
33,47,112,25,Monsoon,Low
33,45,197,14,Winter,Low
36,76,81,3,Summer,High
28,58,186,29,Monsoon,Medium
29,66,192,24,Winter,Medium
38,89,33,11,Summer,Low
25,58,54,10,Summer,Medium
39,41,173,29,Winter,Low
23,42,131,13,Winter,Low
39,45,160,27,Summer,Low
40,63,109,26,Monsoon,Low
25,79,178,9,Winter,Medium
34,85,50,29,Monsoon,Low
36,70,127,25,Winter,Low
26,83,62,21,Monsoon,Medium
21,52,80,28,Winter,Low
39,71,198,19,Winter,High
38,56,200,5,Winter,Medium
27,83,157,14,Summer,Medium
36,40,119,28,Monsoon,Low
30,68,96,1,Winter,Medium
26,83,5,12,Monsoon,Medium
20,78,47,30,Monsoon,Low
32,59,154,2,Summer,Low
39,56,72,10,Monsoon,Low
26,60,64,17,Summer,Medium
29,87,26,30,Summer,Medium
23,52,73,27,Monsoon,Medium
27,54,15,10,Winter,Medium
36,43,105,20,Summer,Low
36,42,37,30,Summer,Low
22,81,66,3,Winter,Low
31,76,186,27,Summer,High
27,40,140,13,Monsoon,Medium
26,70,89,9,Summer,Medium
35,74,75,26,Summer,Low
30,89,154,27,Monsoon,Medium
21,57,55,21,Winter,Low
20,81,84,8,Monsoon,Low
36,47,77,9,Summer,Low
20,63,114,9,Winter,Low
22,54,38,26,Monsoon,Low
36,81,154,5,Winter,High
20,41,21,9,Monsoon,Low
28,49,28,4,Monsoon,Medium
39,48,73,25,Winter,Low
37,82,85,27,Monsoon,High
29,82,82,14,Summer,Medium
21,67,11,28,Monsoon,Low
34,40,133,17,Winter,Low
39,80,75,25,Monsoon,Low
24,73,187,0,Monsoon,Low
28,88,4,16,Summer,Medium
26,52,192,17,Winter,Medium
37,44,33,22,Winter,Low
39,43,48,29,Summer,Low
28,63,44,17,Winter,Low
24,40,192,16,Winter,Low
31,64,182,6,Monsoon,Low
36,85,22,15,Summer,Low
24,88,101,9,Monsoon,Low
40,70,146,11,Summer,Low
31,70,146,27,Winter,Low
21,90,74,25,Summer,Low
24,55,194,11,Summer,Low
33,87,115,9,Summer,High
32,56,33,3,Monsoon,Low
35,44,7,10,Winter,Low
20,62,28,26,Summer,Low
37,83,88,15,Winter,High
39,53,112,12,Summer,Low
20,46,15,3,Winter,Low
39,44,135,16,Summer,Low
26,82,140,14,Monsoon,Medium
25,74,179,13,Summer,Medium
24,84,99,7,Winter,Low
40,63,153,8,Summer,Low
27,61,165,10,Monsoon,Medium
33,71,171,27,Monsoon,High
32,43,183,18,Winter,Low
34,56,33,23,Summer,Low
27,84,172,15,Summer,Medium
26,56,168,5,Summer,Medium
26,52,186,9,Summer,Medium
30,61,32,29,Monsoon,Medium
37,43,79,30,Winter,Low
33,75,27,29,Monsoon,Low
33,48,156,27,Monsoon,Low
32,73,132,25,Winter,High
26,90,150,11,Summer,Medium
40,47,157,17,Winter,Medium
23,79,14,17,Summer,Low
34,61,183,4,Monsoon,Low
25,49,105,9,Winter,Medium
32,67,98,26,Summer,Low
29,88,5,12,Monsoon,Medium
38,87,139,22,Monsoon,High
32,46,30,15,Summer,Low
38,61,111,17,Monsoon,Low
36,85,13,18,Winter,Low
26,51,86,1,Winter,Medium
32,72,194,25,Winter,High
26,75,134,28,Winter,Medium
38,56,56,16,Winter,Low
26,71,129,30,Winter,Medium
23,88,48,21,Monsoon,Low
37,58,21,7,Summer,Low
20,51,42,4,Monsoon,Low
22,85,99,16,Monsoon,Low
38,74,87,21,Summer,High
31,58,154,17,Winter,Low
30,68,171,9,Monsoon,Medium
35,56,49,6,Monsoon,Low
34,81,170,5,Summer,High
29,41,109,15,Monsoon,Medium
34,77,200,18,Summer,High
33,86,31,5,Monsoon,Low
38,41,41,23,Summer,Low
34,48,19,21,Winter,Low
39,44,4,13,Winter,Low
20,52,106,12,Monsoon,Low
30,58,45,27,Winter,Medium
29,56,20,9,Monsoon,Medium
37,85,151,17,Winter,High
35,47,54,13,Summer,Low
40,65,94,25,Summer,Low
30,53,65,25,Winter,Medium
40,88,115,17,Monsoon,High
21,84,81,1,Winter,Low
20,77,93,25,Monsoon,Low
29,78,14,19,Winter,Medium
35,88,127,22,Winter,High
21,67,35,27,Summer,Low
21,66,189,13,Monsoon,Low
20,61,73,7,Winter,Low
31,72,148,26,Monsoon,High
20,88,47,12,Summer,Medium
32,64,191,11,Summer,Low
22,70,181,12,Monsoon,Low
37,52,24,25,Monsoon,Low
40,47,186,21,Monsoon,Low
38,86,144,12,Winter,High
23,73,132,7,Monsoon,Low
32,55,20,14,Summer,Low
32,48,17,22,Monsoon,Low
28,89,100,6,Monsoon,Medium
23,43,168,0,Summer,Low
30,68,139,15,Winter,Medium
31,53,7,21,Winter,Low
25,59,129,25,Monsoon,Medium
31,74,170,18,Monsoon,High
30,41,176,30,Winter,Medium
29,49,121,22,Monsoon,Medium
21,43,25,7,Winter,Low
25,48,0,11,Summer,Medium
29,69,46,5,Monsoon,Medium
36,63,87,0,Summer,Low
37,85,60,24,Winter,Low
26,46,104,7,Summer,Medium
27,83,78,12,Monsoon,Medium
25,63,112,28,Summer,Medium
27,44,140,17,Summer,Medium
37,79,127,7,Summer,High
39,54,163,28,Winter,Low
24,78,156,0,Monsoon,Low
20,53,124,4,Winter,Low
20,63,129,3,Winter,Low
28,42,134,0,Winter,High
34,90,167,29,Monsoon,High
23,81,8,28,Monsoon,Low
31,81,146,15,Monsoon,High
38,55,119,8,Monsoon,Low
31,86,69,29,Winter,Low
23,44,181,18,Winter,Low
34,43,67,16,Monsoon,Low
23,84,114,25,Summer,Low
20,41,80,23,Monsoon,Low
40,65,21,12,Summer,High
29,65,74,14,Winter,Medium
20,53,94,29,Monsoon,Low
29,47,196,22,Winter,Medium
30,86,189,27,Summer,Medium
37,63,31,7,Monsoon,Low
38,60,111,1,Summer,Low
20,75,163,15,Summer,Low
26,84,127,8,Monsoon,Medium
21,89,32,6,Summer,Low
32,52,179,1,Winter,Low
38,90,10,3,Winter,Low
20,50,166,1,Monsoon,Low
40,44,155,27,Winter,Low
36,81,186,1,Summer,High
20,64,64,4,Monsoon,Low
40,48,139,10,Winter,Low
37,75,152,11,Winter,High
37,70,57,26,Summer,Low
26,79,78,23,Winter,Medium
40,44,41,22,Summer,Low
38,75,189,30,Winter,High
21,81,177,11,Monsoon,Low
32,74,40,29,Monsoon,Low
25,45,183,6,Winter,Medium
30,54,22,26,Summer,Medium
30,74,148,20,Monsoon,Medium
32,62,116,26,Monsoon,Low
27,75,145,14,Monsoon,Medium
20,79,153,18,Monsoon,Low
37,69,83,22,Summer,Low
27,48,187,2,Winter,Medium
38,75,72,1,Winter,Low
26,86,177,4,Monsoon,Medium
32,64,47,11,Summer,Low
20,66,195,12,Winter,Low
37,48,134,4,Summer,Low
33,53,82,18,Summer,Low
22,60,96,27,Summer,Low
33,72,114,7,Winter,High
25,78,17,11,Winter,Medium
40,81,111,25,Winter,High
33,66,33,15,Winter,Low
21,66,168,7,Monsoon,Low
34,41,164,13,Summer,Low
31,46,112,14,Monsoon,Low
40,89,113,26,Monsoon,High
23,55,18,9,Monsoon,Low
36,60,171,21,Monsoon,Low
31,65,167,23,Summer,Low
23,80,66,20,Summer,Low
33,71,25,11,Winter,Low
40,68,64,2,Monsoon,Low
25,55,61,25,Winter,Medium
23,88,200,1,Monsoon,Low
33,41,154,27,Monsoon,Low
31,50,148,9,Summer,Low
25,81,40,10,Monsoon,Medium
22,90,89,7,Summer,Low
29,82,58,14,Summer,Medium
26,52,53,11,Summer,Medium
22,88,9,30,Winter,Low
37,64,98,17,Summer,Low
39,88,190,7,Summer,High
33,48,17,13,Summer,Low
23,82,65,29,Winter,Low
20,72,86,21,Monsoon,Low
39,90,55,4,Summer,Low
39,54,152,11,Monsoon,Low
38,43,190,5,Summer,Low
30,86,166,8,Summer,Medium
37,43,92,10,Summer,Low
23,76,73,29,Winter,Low
26,48,93,22,Summer,Medium
37,42,54,24,Monsoon,Low
24,77,87,3,Winter,Low
24,76,177,16,Winter,Low
30,69,81,2,Winter,Medium
20,80,159,14,Monsoon,Low
38,54,173,8,Winter,Low
34,42,130,8,Summer,Low
30,46,131,9,Summer,Medium
29,47,195,11,Summer,Medium
36,85,128,16,Monsoon,High
26,51,108,12,Winter,Medium
37,69,148,29,Summer,Low
32,40,123,22,Summer,High
24,87,77,20,Monsoon,Low
31,76,114,18,Monsoon,High
36,46,16,5,Winter,Low
39,48,28,7,Winter,Low
33,46,36,17,Monsoon,Low
37,40,43,9,Monsoon,Low
28,78,52,10,Summer,Medium
20,77,192,9,Monsoon,Low
31,41,111,13,Summer,Low
29,42,152,14,Winter,Medium
24,61,171,5,Winter,Low
29,44,62,0,Summer,Medium
32,78,83,14,Winter,High
29,88,18,24,Monsoon,Medium
37,86,6,2,Monsoon,Medium
24,74,62,23,Winter,Low
26,61,192,20,Winter,Medium
35,82,95,29,Monsoon,High
40,60,152,20,Monsoon,Low
25,53,61,27,Summer,Medium
38,47,187,24,Summer,Low
34,70,107,3,Winter,Low
30,53,21,24,Monsoon,Medium
35,72,130,27,Monsoon,High
34,90,36,19,Monsoon,Low
23,83,164,21,Monsoon,Low
29,90,79,21,Winter,Medium
23,51,26,3,Monsoon,Low
39,77,141,8,Monsoon,High
38,66,81,19,Winter,Low
32,79,89,11,Summer,High
37,89,100,8,Monsoon,High
34,60,66,24,Winter,Low
23,58,127,13,Summer,Low
29,45,198,29,Summer,Medium
29,86,23,16,Monsoon,Medium
32,49,2,18,Monsoon,Low
39,65,66,17,Summer,Low
26,56,28,23,Winter,Medium
25,70,51,25,Winter,Medium
32,58,23,23,Winter,Low
31,51,100,14,Winter,Low
27,79,177,26,Monsoon,Medium
29,88,104,10,Winter,Medium
29,79,30,2,Summer,Medium
20,69,171,14,Monsoon,Low
31,76,123,20,Winter,High
38,52,130,28,Winter,Low
40,59,171,15,Monsoon,Low
34,72,86,6,Monsoon,High
36,56,192,24,Winter,Low
30,86,43,16,Monsoon,Medium
30,66,186,13,Summer,Medium
28,67,40,25,Summer,Medium
25,79,57,24,Monsoon,Medium
20,80,9,8,Monsoon,Low
40,49,133,6,Winter,Low
32,89,119,19,Winter,High
25,62,51,3,Summer,Medium
37,80,120,19,Monsoon,High
20,63,84,22,Monsoon,Low
38,90,6,20,Winter,Low
27,81,33,0,Monsoon,Medium
22,74,165,17,Winter,Low
21,43,38,12,Summer,Low
39,75,73,2,Winter,Low
35,75,27,22,Monsoon,Low
24,55,183,23,Winter,Low
38,85,124,16,Winter,High
24,81,101,28,Monsoon,Low
36,82,171,7,Winter,High
25,51,124,29,Winter,Medium
33,56,11,3,Winter,Low
32,77,50,8,Monsoon,Low
39,63,121,22,Winter,Low
34,53,175,27,Winter,Low
38,84,20,9,Winter,Low
23,55,86,17,Winter,Low
26,78,33,30,Winter,Medium
23,64,131,25,Monsoon,Low
25,59,128,26,Monsoon,Medium
21,65,164,30,Summer,Low
28,45,66,18,Summer,Medium
36,86,187,7,Summer,High
38,67,193,2,Summer,Low
27,70,87,22,Summer,Medium
37,62,166,26,Winter,Low
40,87,48,25,Summer,Low
40,67,120,2,Winter,Low
21,42,21,18,Monsoon,Low
31,50,166,27,Summer,Low
39,48,92,28,Summer,Low
37,55,197,26,Summer,Low
20,69,187,8,Summer,Low
39,82,64,12,Summer,Low
21,68,74,18,Summer,Low
37,76,139,26,Monsoon,High
20,60,26,10,Summer,Low
20,48,138,26,Monsoon,Low
24,77,21,24,Monsoon,Low
26,45,135,21,Monsoon,Medium
39,84,175,16,Monsoon,High
29,77,63,30,Winter,Medium
35,84,187,16,Winter,High
30,89,70,28,Winter,Medium
36,59,134,23,Monsoon,Low
20,46,56,19,Summer,Low
37,67,53,1,Winter,Low
37,53,116,3,Monsoon,Low
21,58,139,16,Monsoon,Low
20,44,62,26,Winter,Low
24,55,145,15,Monsoon,Low
32,66,113,17,Monsoon,Low
20,57,21,18,Summer,Low
40,42,176,0,Monsoon,Low
32,64,1,5,Winter,Low
22,46,3,14,Summer,Low
25,43,79,2,Monsoon,Medium
21,60,108,9,Monsoon,Low
23,72,117,15,Summer,Low
22,62,64,18,Summer,Low
20,84,198,21,Winter,Low
25,59,105,16,Winter,Medium
35,43,100,21,Summer,Low
27,56,117,25,Monsoon,Medium
24,85,149,11,Monsoon,Low
22,88,23,16,Summer,Low
35,90,16,23,Summer,Low
35,59,103,24,Monsoon,Low
20,75,169,19,Monsoon,Low
24,58,122,11,Winter,Low
27,60,146,20,Winter,Medium
20,84,79,27,Winter,Low
23,58,161,29,Summer,Low
23,61,124,25,Monsoon,Low
38,83,64,27,Monsoon,Low
35,89,7,7,Summer,Low
29,87,21,10,Monsoon,Medium
32,62,127,22,Summer,Low
38,87,27,9,Winter,Low
21,49,159,19,Winter,Low
38,57,172,8,Monsoon,Low
40,90,113,17,Monsoon,High
38,84,190,12,Summer,High
32,53,33,4,Winter,Low
30,72,165,17,Summer,Medium
33,41,131,15,Winter,Low
20,63,72,21,Winter,Low
22,49,165,9,Winter,Low
38,82,66,15,Monsoon,Low
29,69,43,0,Winter,Medium
35,62,55,24,Monsoon,Low
27,70,33,14,Winter,Medium
32,70,145,29,Summer,Low
26,43,130,12,Winter,Medium
28,53,196,28,Winter,Medium
31,51,59,5,Winter,Low
28,43,164,4,Winter,Medium
38,52,97,6,Winter,Low
34,79,32,5,Summer,Low
36,42,2,19,Winter,Low
22,53,2,18,Winter,Low
33,85,155,17,Winter,Low
28,63,136,25,Winter,Medium
40,51,106,7,Winter,Low
39,81,111,7,Winter,High
35,79,58,9,Summer,Low
25,78,2,6,Monsoon,Medium
20,59,88,23,Summer,Low
33,48,41,5,Monsoon,Low
30,70,107,1,Monsoon,Medium
27,83,32,0,Summer,Medium
24,58,56,27,Winter,Low
20,76,11,4,Winter,Low
23,52,28,20,Monsoon,Low
39,60,26,1,Summer,Low
39,52,74,17,Winter,Low
39,80,135,3,Winter,High
33,79,104,26,Summer,High
31,82,112,6,Winter,High
34,61,151,7,Summer,Low
31,88,41,4,Winter,Low
33,68,179,29,Monsoon,Low
40,82,27,13,Winter,Low
20,40,134,29,Summer,Low
25,69,2,27,Summer,Medium
35,43,126,5,Summer,Low
22,81,50,16,Winter,Low
20,86,175,20,Winter,Low
33,44,51,7,Summer,Low
27,70,16,10,Summer,Medium
40,83,112,22,Winter,High
28,73,4,16,Winter,High
23,59,188,27,Monsoon,Low
20,89,31,26,Summer,Low
22,78,164,29,Winter,Low
37,58,196,15,Winter,Low
26,67,88,4,Monsoon,Medium
40,73,67,9,Summer,Low
21,79,55,24,Summer,Low
21,82,50,10,Summer,Low
36,87,158,17,Monsoon,High
23,55,21,4,Summer,Low
29,69,2,24,Summer,Medium
28,76,105,18,Winter,Medium
34,58,183,23,Winter,Low
31,66,128,20,Summer,Low
26,78,80,9,Summer,Medium
33,40,18,16,Winter,Low
40,86,61,24,Winter,Low
25,89,109,5,Monsoon,Medium
28,78,115,12,Monsoon,Medium
24,84,197,24,Monsoon,Low
25,52,16,6,Monsoon,Medium
25,88,163,7,Summer,Medium
40,57,90,18,Winter,Low
38,74,137,17,Summer,High
20,84,75,21,Winter,Low
25,41,40,0,Summer,Low
34,52,132,7,Monsoon,Low
40,64,83,7,Summer,Low
34,85,49,21,Monsoon,Low
32,74,90,9,Winter,High
20,75,78,20,Monsoon,Low
29,75,187,24,Monsoon,Medium
28,83,200,3,Summer,Medium
26,74,83,10,Winter,Medium
37,78,9,8,Summer,Low
32,59,162,14,Winter,Low
32,72,87,2,Monsoon,High
20,62,122,30,Monsoon,Low
28,69,52,2,Winter,Medium
30,60,24,28,Summer,Medium
25,72,143,4,Summer,Medium
31,70,102,26,Winter,Low
35,83,3,30,Winter,Low
35,55,179,0,Summer,Low
24,86,30,6,Monsoon,Low
38,58,90,4,Winter,Low
32,56,19,22,Winter,Low
34,79,163,24,Monsoon,High
39,73,91,24,Summer,High
20,64,45,29,Monsoon,Low
39,81,29,26,Winter,Low
34,76,124,1,Winter,Low
30,52,4,9,Winter,Medium
34,59,174,12,Monsoon,Low
36,62,167,24,Summer,Low
28,50,132,22,Winter,Medium
30,86,123,8,Monsoon,Medium
34,90,157,1,Monsoon,High
27,78,153,21,Winter,Medium
39,88,140,15,Monsoon,High
32,59,58,15,Summer,Low
31,48,200,21,Summer,Low
37,74,68,23,Winter,Low
31,86,133,24,Summer,High
38,67,124,15,Winter,Low
32,65,41,27,Summer,Low
32,43,136,23,Summer,Low
27,49,106,30,Winter,Medium
37,43,184,12,Summer,Low
25,56,11,6,Monsoon,Medium
29,77,66,18,Monsoon,Medium
31,84,181,5,Monsoon,High
30,75,53,4,Monsoon,Medium
30,82,39,16,Winter,Medium
28,43,103,8,Winter,Medium
35,44,158,16,Winter,Low
23,64,64,21,Winter,Low
31,65,59,29,Summer,Low
35,81,2,29,Winter,Low
30,55,43,11,Monsoon,Medium
20,75,194,19,Summer,Low
29,55,188,21,Winter,Medium
27,64,68,27,Summer,Medium
37,90,120,20,Monsoon,High
25,44,92,28,Winter,Medium
26,48,21,23,Summer,Medium
38,83,12,15,Monsoon,Low
26,76,33,15,Summer,Medium
36,47,26,23,Winter,Low
25,79,79,26,Monsoon,Medium
27,63,42,5,Winter,Medium
32,63,182,9,Monsoon,Low
26,43,94,29,Winter,Medium
24,40,38,30,Summer,Low
33,44,113,22,Monsoon,Low
31,75,24,14,Winter,Low
38,62,131,11,Monsoon,Low
22,83,58,29,Monsoon,Low
25,69,157,8,Summer,Medium
21,73,114,13,Winter,Low
23,41,136,29,Winter,Low
21,52,88,11,Summer,Low
25,87,95,13,Monsoon,Medium
37,82,197,5,Summer,High
26,73,45,13,Summer,Medium
22,79,180,19,Winter,Low
33,54,94,0,Winter,Low
27,79,24,11,Winter,Medium
32,42,181,15,Summer,Low
20,52,64,25,Summer,Low
35,75,38,12,Summer,Low
29,53,43,16,Summer,Medium
39,87,161,2,Winter,High
40,73,53,9,Monsoon,Low
38,74,126,1,Monsoon,High
39,68,70,21,Winter,Low
33,75,166,18,Summer,High
37,87,72,24,Winter,Low
37,55,71,23,Monsoon,Low
35,44,157,30,Monsoon,Low
29,64,38,9,Winter,Medium
37,85,200,27,Monsoon,High
22,42,184,7,Summer,Medium
23,69,40,4,Summer,Low
26,58,186,9,Summer,Medium
28,54,25,2,Summer,Medium
31,55,62,20,Winter,Low
33,89,25,30,Monsoon,Low
40,90,198,25,Summer,High
31,45,196,8,Summer,Low
40,68,92,6,Winter,Low
33,75,160,18,Summer,High
27,71,139,5,Winter,Medium
30,62,35,25,Winter,Medium
32,47,5,25,Summer,Low
36,56,195,28,Summer,Low
22,60,37,9,Monsoon,Low
38,83,191,27,Winter,High
33,48,27,12,Monsoon,Low
28,56,191,7,Winter,Medium
29,43,172,1,Summer,Medium
23,51,30,1,Winter,Low
28,68,147,12,Monsoon,Medium
34,90,62,19,Winter,Low
20,62,101,13,Winter,Low
26,55,35,8,Summer,Medium
23,71,75,26,Monsoon,Low
23,61,91,10,Monsoon,Low
22,85,65,27,Summer,Medium
22,54,113,12,Winter,Low
21,71,194,17,Summer,Low
20,82,79,14,Summer,Low
22,53,42,20,Winter,Low
39,78,17,9,Winter,Low
30,52,119,13,Monsoon,Medium
27,46,73,8,Summer,Medium
28,76,128,23,Summer,Medium
21,80,163,21,Monsoon,Low
20,56,138,5,Winter,Low
20,85,141,29,Winter,Low
21,84,16,14,Monsoon,Low
39,42,4,5,Summer,Low
38,68,75,19,Summer,Low
23,90,150,20,Monsoon,Low
22,76,99,9,Monsoon,Low
36,68,108,0,Monsoon,Low
38,87,5,17,Monsoon,Low
22,89,41,24,Summer,Low
36,51,160,4,Summer,Low
23,41,141,11,Summer,Low
32,79,128,24,Winter,High
32,55,76,18,Summer,Low
29,64,100,28,Summer,Medium
20,75,181,18,Summer,Low
24,76,180,17,Monsoon,Low
25,64,80,24,Summer,Medium
40,71,51,21,Monsoon,Low
30,76,173,3,Summer,Medium
31,49,31,15,Summer,Low
20,79,80,15,Summer,Low
40,77,166,18,Winter,High
24,44,18,30,Monsoon,Low
28,50,187,23,Winter,Medium
23,76,184,27,Summer,Low
31,40,187,28,Monsoon,Low
37,69,0,6,Summer,Low
28,40,144,6,Winter,Medium
38,59,134,25,Monsoon,Low
31,60,56,14,Summer,Low
31,47,123,29,Monsoon,Low
26,43,47,9,Winter,Medium
26,70,177,2,Winter,Medium
30,44,100,9,Winter,Medium
33,70,134,3,Winter,Low
28,83,70,12,Winter,Medium
28,71,157,6,Summer,Medium
21,42,65,3,Monsoon,Low
36,47,2,30,Monsoon,Low
27,64,145,14,Winter,Medium
39,41,173,18,Monsoon,Low
34,62,10,20,Summer,Low
28,90,10,0,Winter,Medium
20,74,90,1,Monsoon,Low
22,43,23,6,Monsoon,Low
20,42,184,20,Winter,Low
26,44,147,16,Monsoon,Medium
38,68,192,19,Summer,Low
38,78,34,0,Summer,Low
40,78,28,13,Monsoon,Low
32,67,27,22,Summer,Low
40,40,190,24,Winter,Low
22,64,197,18,Monsoon,Medium
22,60,21,28,Monsoon,Low
29,45,82,7,Winter,Medium
28,74,122,12,Winter,Medium
32,49,35,9,Winter,Low
40,83,167,10,Summer,Low
27,58,144,19,Summer,Medium
27,79,39,4,Summer,Medium
21,56,9,14,Monsoon,Low
27,41,149,22,Monsoon,High
23,61,194,23,Monsoon,Low
20,64,5,10,Monsoon,Low
35,53,21,8,Monsoon,Low
22,75,136,21,Winter,Low
24,75,158,22,Winter,Low
38,65,144,25,Summer,Low
26,40,100,24,Winter,Medium
32,48,52,14,Monsoon,Low
30,90,166,23,Winter,Medium
36,54,93,16,Monsoon,Low
38,80,66,2,Summer,Low
38,57,84,5,Winter,Low
27,64,2,18,Monsoon,Medium
33,86,109,7,Summer,High
31,83,3,23,Summer,Low
27,72,95,20,Summer,Medium
35,77,38,16,Summer,Low
29,82,10,13,Winter,Medium
21,40,19,17,Winter,Low
33,65,52,18,Winter,Low
29,46,26,17,Monsoon,Medium
27,66,102,29,Monsoon,Medium
35,74,187,18,Winter,High
24,64,54,24,Monsoon,Low
35,81,102,21,Winter,High
23,50,76,15,Summer,Low
34,80,197,24,Monsoon,High
34,48,178,17,Summer,Low
29,40,57,23,Summer,Medium
35,85,72,18,Summer,High
30,89,132,17,Winter,Medium
33,77,126,11,Summer,High
31,81,67,3,Monsoon,Low
21,40,187,21,Summer,Low
25,62,89,23,Monsoon,Medium
29,48,131,1,Winter,High
40,89,160,1,Summer,High
24,48,102,30,Winter,Low
24,78,171,29,Summer,Low
21,42,154,0,Summer,Low
23,52,78,12,Winter,Low
26,52,166,7,Summer,Medium
23,81,138,13,Summer,Low
24,68,106,10,Monsoon,Low
27,54,2,2,Winter,Low
33,67,55,20,Winter,Low
22,68,5,18,Winter,Low
28,62,26,13,Monsoon,Medium
30,75,185,11,Summer,Medium
27,43,123,21,Winter,Medium
39,74,123,30,Monsoon,High
31,73,15,5,Monsoon,Low
40,42,116,13,Summer,Low
38,68,185,22,Summer,Low
25,78,46,4,Summer,Medium
25,58,4,1,Monsoon,Medium
28,86,184,28,Winter,Medium
34,54,185,0,Summer,Medium
33,45,18,24,Monsoon,Low
26,68,101,1,Winter,Medium
24,55,62,28,Winter,Low
20,45,133,22,Winter,Low
30,80,143,11,Winter,Medium
21,80,53,23,Winter,Low
33,70,91,2,Summer,Low
30,48,10,10,Summer,Medium
23,62,61,13,Summer,Low
33,70,76,25,Summer,Low
29,43,52,18,Monsoon,Medium
23,63,165,10,Winter,Low
40,51,4,24,Summer,Low
28,57,89,6,Winter,Medium
24,70,14,9,Summer,Low
39,59,73,21,Monsoon,Low
33,86,144,28,Summer,High
20,54,124,12,Monsoon,Low
29,76,142,10,Monsoon,Medium
28,52,150,1,Summer,Medium
24,56,60,28,Summer,Low
22,68,0,11,Summer,Low
40,85,96,5,Monsoon,High
22,75,65,27,Summer,Low
30,53,97,2,Winter,Medium
34,53,167,14,Monsoon,Low
33,46,191,15,Summer,Low
31,89,172,24,Monsoon,High
37,67,7,5,Monsoon,Medium
40,66,97,11,Monsoon,Low
24,78,18,15,Winter,Low
20,51,21,3,Monsoon,Low
28,84,14,23,Summer,Medium
25,63,136,10,Monsoon,Medium
29,57,106,11,Summer,Medium
24,58,170,17,Summer,Low
34,76,117,20,Summer,High
33,57,113,4,Summer,Low
33,51,126,0,Winter,Low
20,77,170,13,Summer,Low
24,81,0,23,Monsoon,Low
35,54,4,24,Monsoon,Low
23,57,133,22,Winter,Low
33,79,78,4,Summer,Low
37,78,43,26,Summer,Low
20,63,80,12,Winter,Low
21,85,133,6,Monsoon,Low
35,71,189,30,Monsoon,High
34,55,77,7,Monsoon,Low
20,40,178,2,Summer,Low
21,76,71,19,Monsoon,Low
26,45,138,16,Winter,Medium
38,89,98,13,Winter,High
38,73,28,8,Monsoon,Low
35,44,137,26,Winter,Low
39,60,12,6,Monsoon,Low
32,84,108,8,Summer,High
27,55,191,9,Summer,Medium
20,90,48,11,Winter,Low
38,50,50,7,Monsoon,Low
40,86,157,29,Winter,High
25,42,156,30,Summer,Medium
31,74,132,0,Summer,High
23,81,105,21,Summer,Low
35,61,186,26,Monsoon,Low
29,81,7,20,Monsoon,Medium
33,88,183,1,Monsoon,Medium
31,88,16,26,Monsoon,Low
25,64,57,19,Winter,High
36,75,183,8,Summer,High
30,72,186,12,Monsoon,Medium
32,68,186,30,Monsoon,Low
25,70,29,22,Monsoon,Medium
32,82,88,29,Winter,High
26,43,170,25,Monsoon,Medium
23,58,51,28,Summer,Low
22,40,191,1,Monsoon,Low
33,52,124,5,Winter,Low
32,58,96,9,Monsoon,Low
30,56,101,6,Summer,Medium
31,82,33,27,Summer,Low
23,71,166,12,Winter,Low
39,88,122,22,Summer,High
22,40,133,19,Monsoon,Low
24,54,1,26,Summer,Low
20,42,14,27,Summer,Low
38,41,68,4,Summer,Low
25,81,145,15,Summer,Medium
21,86,110,16,Winter,Low
38,85,32,5,Winter,Low
30,51,182,8,Winter,Medium
38,40,107,23,Monsoon,Low
23,65,137,3,Summer,Low
36,61,31,17,Winter,Low
35,48,63,7,Winter,Low
27,71,198,25,Monsoon,Medium
23,44,100,5,Winter,Low
20,56,3,6,Monsoon,Low
34,84,169,23,Winter,High
27,80,49,24,Summer,Medium
36,42,107,9,Monsoon,Low
25,80,156,19,Monsoon,Medium
35,50,200,19,Summer,Low
39,72,38,16,Winter,Low
27,89,12,9,Monsoon,Medium
30,57,102,4,Monsoon,Medium
20,66,163,3,Summer,Low
28,50,21,15,Winter,Medium
39,81,33,27,Summer,Low
34,61,98,18,Winter,Low
32,42,146,23,Monsoon,Low
31,79,72,5,Winter,Low
26,63,102,6,Monsoon,Medium
23,50,83,3,Winter,Low
22,59,36,20,Winter,Low
26,56,73,3,Winter,Medium
33,50,82,14,Summer,Low
32,77,109,29,Summer,High
22,65,114,9,Summer,Low
31,76,130,6,Monsoon,High
26,89,114,9,Summer,Medium
36,74,8,0,Summer,Low
33,43,83,28,Winter,Low
32,72,43,25,Summer,Low
33,70,118,1,Winter,Low
32,74,139,7,Summer,High
24,72,66,28,Monsoon,Low
34,73,62,0,Winter,Low
21,76,162,12,Winter,Low
32,80,88,26,Summer,High
22,71,87,24,Summer,Low
27,47,89,3,Monsoon,Medium
24,54,147,2,Summer,Low
39,78,138,11,Summer,High
20,57,180,4,Winter,Low
34,54,101,23,Summer,Low
32,73,78,17,Summer,Low
39,63,49,28,Winter,Low
39,58,18,12,Winter,Low
39,47,101,20,Summer,Low
40,59,171,20,Winter,Low
38,44,13,9,Monsoon,Low
29,86,177,10,Winter,Medium
39,67,155,15,Winter,Low
36,78,17,5,Winter,Low
35,64,43,29,Monsoon,Low
21,63,5,1,Monsoon,Low
38,87,17,21,Monsoon,Low
31,58,9,11,Monsoon,Low
27,76,180,14,Winter,Medium
26,83,159,0,Summer,Medium
24,61,92,11,Winter,Low
23,66,12,29,Summer,Low
36,79,28,17,Summer,Low
32,56,140,23,Monsoon,Low
31,63,21,4,Summer,Low
38,40,27,30,Monsoon,Low
24,62,50,1,Winter,Low
26,73,127,5,Monsoon,Medium
40,82,138,15,Summer,High
22,50,104,25,Monsoon,Low
20,84,121,11,Summer,Low
36,59,50,3,Winter,Low
28,59,200,4,Summer,Medium
25,89,133,24,Summer,Medium
30,68,116,17,Monsoon,Medium
36,46,129,18,Monsoon,Low
22,46,2,28,Winter,Low
29,67,135,22,Monsoon,Medium
30,44,18,30,Winter,Medium
29,69,53,25,Monsoon,Medium
27,40,11,27,Winter,Medium
21,80,134,22,Summer,High
28,77,172,6,Winter,Medium
37,55,58,17,Summer,Low
22,42,99,1,Summer,Low
26,55,191,9,Winter,Medium
32,85,153,13,Summer,High
33,88,189,10,Summer,High
20,41,54,2,Summer,Low
22,46,15,15,Summer,Low
34,80,6,18,Winter,Low
22,84,8,26,Summer,Low
36,59,60,17,Monsoon,Low
21,48,109,0,Winter,Low
27,42,25,3,Summer,Medium
25,74,51,7,Monsoon,Medium
30,78,30,5,Winter,Medium
32,47,37,24,Winter,Low
29,65,4,30,Winter,Medium
27,55,170,13,Winter,Medium
21,50,165,6,Winter,Low
25,63,114,6,Winter,Medium
29,81,139,9,Summer,Medium
29,78,151,4,Winter,Medium
35,68,23,14,Monsoon,Low
39,90,62,16,Summer,Low
29,88,182,29,Winter,Medium
25,47,11,18,Summer,Medium
40,63,99,2,Summer,Low
31,61,1,7,Summer,Low
25,90,24,17,Winter,Medium
31,84,59,11,Summer,Low
29,41,179,6,Monsoon,Medium
33,67,167,6,Monsoon,Low
21,72,154,17,Winter,Low
32,73,196,19,Monsoon,High
23,88,43,24,Monsoon,Low
28,65,119,1,Winter,Medium
33,47,84,25,Winter,Low
36,41,88,12,Winter,Low
33,45,37,20,Summer,Low
37,47,25,10,Summer,High
34,56,93,22,Monsoon,Low
38,80,18,28,Monsoon,Low
30,74,173,16,Winter,Medium
28,85,133,0,Monsoon,Medium
27,45,181,27,Winter,Medium
40,75,106,9,Monsoon,High
33,54,107,19,Winter,Low
34,70,85,6,Monsoon,Low
30,75,6,22,Monsoon,Medium
20,75,72,4,Winter,Low
20,53,31,28,Monsoon,Low
40,45,43,1,Winter,Low
40,53,195,23,Winter,Low
36,90,72,4,Summer,Low
34,84,91,11,Winter,High
28,56,77,9,Summer,Medium
21,45,24,21,Winter,Low
33,47,50,27,Winter,Low
20,81,19,7,Summer,Low
29,40,43,28,Summer,Medium
31,76,103,8,Monsoon,High
35,61,14,13,Winter,Low
39,46,142,6,Winter,Low
30,85,33,0,Monsoon,Medium
20,89,172,15,Monsoon,Low
23,82,145,4,Winter,Low
23,54,146,13,Winter,Low
34,70,22,20,Monsoon,Low
30,86,21,20,Monsoon,Medium
21,72,103,12,Monsoon,Low
20,71,40,4,Winter,Low
24,74,1,1,Summer,Low
32,71,189,14,Summer,High
34,65,22,21,Summer,Low
29,56,35,11,Winter,Medium
24,65,192,8,Summer,Low
25,71,87,17,Summer,Low
23,87,104,4,Monsoon,Low
34,69,135,30,Monsoon,Low
31,82,104,4,Monsoon,High
31,86,101,4,Winter,High
25,70,117,8,Monsoon,Medium
21,64,46,19,Winter,Low
21,85,23,18,Monsoon,Low
33,45,188,23,Summer,Low
39,71,141,8,Monsoon,High
23,75,52,12,Monsoon,Low
31,58,150,10,Monsoon,Low
22,61,141,16,Monsoon,Low
39,80,0,29,Monsoon,Low
37,72,52,28,Summer,Low
23,53,23,17,Winter,Low
36,63,129,17,Monsoon,Low
36,43,102,24,Summer,Low
22,77,120,4,Monsoon,Low
29,73,160,22,Winter,Medium
22,55,123,15,Summer,Low
30,74,103,25,Winter,Medium
22,78,110,5,Winter,Low
40,53,89,18,Monsoon,Low
34,79,45,19,Monsoon,Low
34,53,173,22,Monsoon,Low
40,77,92,25,Summer,High
25,83,60,9,Summer,Medium
39,85,84,8,Winter,Medium
29,67,3,3,Winter,Medium
39,43,148,26,Winter,Low
37,73,83,17,Winter,High
32,78,8,21,Winter,Low
34,43,178,10,Monsoon,Low
32,49,187,1,Summer,Low
38,66,23,30,Monsoon,Low
35,44,96,22,Winter,Low
29,53,85,14,Summer,Medium
36,60,63,15,Summer,Low
39,49,197,28,Winter,Low
35,46,159,23,Monsoon,Low
26,76,111,3,Winter,Medium
36,75,13,18,Summer,Low
33,61,171,9,Summer,Low
27,83,25,16,Winter,Medium
35,45,117,12,Winter,Low
27,77,14,26,Summer,High
32,51,118,19,Winter,High
29,61,171,12,Monsoon,Medium
25,67,46,4,Summer,Medium
22,42,51,29,Winter,Low
35,54,73,22,Winter,High
21,64,153,25,Winter,Low
32,79,158,26,Winter,High
21,83,8,12,Winter,Low
40,72,188,10,Summer,High
34,76,74,0,Monsoon,Low
26,72,42,8,Summer,Medium
22,54,130,2,Summer,Low
34,68,129,21,Monsoon,Low
21,66,34,23,Winter,Low
21,79,49,11,Winter,Low
40,72,38,9,Monsoon,Medium
23,45,180,30,Monsoon,Low
35,57,122,0,Monsoon,Low
35,45,73,15,Monsoon,Low
37,47,109,0,Winter,Low
39,48,150,16,Summer,Low
37,63,98,20,Winter,Low
23,67,38,30,Summer,Low
40,80,70,4,Winter,High
25,59,35,3,Summer,Medium
34,49,92,3,Winter,Low
25,57,139,23,Summer,Medium
26,74,84,27,Summer,Medium
30,48,52,29,Monsoon,Medium
33,76,31,5,Winter,Low
37,59,58,3,Monsoon,Low
28,44,4,26,Winter,Medium
30,82,108,27,Monsoon,Medium
26,88,30,12,Monsoon,Medium
34,73,191,30,Winter,High
33,76,140,14,Monsoon,High
23,77,83,21,Monsoon,Low
25,89,178,19,Winter,Medium
39,48,189,8,Summer,Low
39,64,7,9,Winter,Low
29,82,185,15,Summer,Medium
29,82,116,30,Summer,Medium
26,69,134,12,Summer,Medium
39,40,163,1,Summer,Low
24,50,174,10,Summer,Low
26,67,183,28,Winter,Medium
37,85,111,18,Winter,High
40,57,17,21,Winter,Low
24,56,151,21,Monsoon,Low
37,43,149,15,Monsoon,Low
33,83,89,0,Winter,High
30,66,171,5,Winter,Medium
28,59,104,10,Winter,Medium
33,83,77,26,Winter,Low
32,63,166,22,Monsoon,Low
22,81,79,9,Winter,Low
26,44,158,16,Monsoon,Medium
22,87,73,1,Summer,Low
21,49,55,8,Summer,Low
40,46,96,15,Monsoon,Low
33,87,62,13,Summer,Low
29,63,135,19,Winter,Medium
26,78,2,10,Monsoon,Medium
26,77,77,12,Winter,Medium
38,54,145,0,Winter,Low
22,68,99,9,Monsoon,Low
29,53,76,6,Monsoon,Medium
27,88,127,26,Monsoon,Medium
35,50,90,4,Summer,Low
20,89,189,15,Monsoon,Low
29,83,141,11,Monsoon,Medium
32,87,31,0,Monsoon,Low
26,83,68,23,Summer,Medium
40,60,199,14,Winter,Low
32,52,7,19,Summer,Low
27,65,179,12,Monsoon,Medium
37,77,101,17,Summer,High
27,49,170,6,Winter,Medium
26,75,165,24,Winter,Medium
26,64,13,4,Monsoon,Medium
21,57,32,28,Summer,Low
39,52,62,20,Monsoon,Low
36,88,87,12,Winter,High
25,84,96,28,Monsoon,Medium
27,82,46,16,Summer,Medium
40,86,59,24,Winter,Low
38,51,37,23,Summer,Medium
27,78,163,3,Monsoon,Medium
28,74,184,12,Summer,Medium
29,48,139,4,Winter,Medium
34,44,141,18,Winter,Low
39,48,100,14,Winter,Low
31,54,169,5,Winter,Low
27,80,96,28,Summer,Medium
22,45,30,12,Monsoon,Low
31,55,23,29,Winter,Low
36,67,140,10,Winter,Low
28,58,51,30,Winter,Medium
31,49,134,30,Summer,Low
40,85,60,7,Winter,Low
40,81,139,11,Summer,High
28,59,189,17,Winter,Medium
38,67,165,16,Summer,Low
36,51,129,25,Summer,Low
30,53,54,30,Summer,Medium
22,55,115,3,Monsoon,Low
26,81,18,7,Winter,Medium
26,60,172,15,Summer,Medium
23,83,40,6,Summer,Low
20,54,47,17,Winter,Low
39,53,27,16,Winter,Low
27,54,93,2,Winter,High
28,89,188,17,Monsoon,Medium
21,57,199,12,Summer,High
37,84,44,8,Monsoon,Low
28,80,14,0,Winter,Medium
30,69,29,2,Monsoon,Medium
39,42,38,8,Summer,Low
20,67,109,21,Monsoon,Low
26,79,97,4,Winter,Medium
21,76,132,9,Monsoon,Low
28,50,184,19,Winter,Medium
35,61,32,23,Winter,Low
29,71,30,17,Summer,Medium
29,63,150,2,Summer,Medium
33,70,108,23,Summer,Low
21,40,15,5,Winter,Low
30,90,170,27,Winter,Medium
39,88,154,4,Summer,High
27,64,47,3,Winter,Medium
39,67,168,26,Winter,Medium
37,55,186,4,Summer,Low
34,50,192,29,Summer,Low
24,60,84,11,Monsoon,Low
31,45,28,14,Summer,Low
36,54,9,2,Winter,Low
29,62,76,30,Monsoon,High
20,61,75,11,Winter,Low
32,55,148,4,Summer,Low
29,90,112,16,Winter,Medium
40,77,27,25,Monsoon,Low
28,78,26,10,Summer,Medium
20,41,191,10,Winter,Low
26,73,152,21,Monsoon,Medium
35,50,154,3,Summer,Low
29,44,192,12,Winter,Medium
34,72,183,10,Winter,High
29,63,162,18,Winter,Medium
37,67,73,25,Winter,Low
28,85,86,22,Winter,Medium
35,82,173,25,Summer,High
33,88,33,7,Monsoon,Low
24,75,189,15,Monsoon,Low
23,83,157,9,Winter,Low
38,41,46,13,Summer,Low
37,43,139,5,Summer,Low
28,40,30,29,Monsoon,Medium
29,62,193,23,Winter,Medium
21,56,51,12,Summer,Low
27,66,6,29,Winter,Medium
39,69,175,22,Summer,Low
24,44,193,7,Winter,Low
37,80,192,7,Monsoon,High
30,71,66,12,Summer,Medium
30,64,7,13,Monsoon,Medium
28,88,192,24,Monsoon,Medium
28,69,73,21,Summer,Medium
39,46,4,0,Monsoon,Low
22,44,176,7,Summer,Low
31,87,32,26,Monsoon,Low
35,80,37,28,Winter,Low
37,68,187,8,Winter,Low
23,57,177,28,Monsoon,Low
28,48,63,3,Winter,Medium
27,68,86,18,Monsoon,High
29,77,180,11,Summer,Medium
37,42,151,8,Winter,Low
38,73,109,13,Monsoon,High
38,81,188,3,Winter,High
20,79,129,25,Winter,Low
23,90,159,3,Monsoon,Low
38,75,172,5,Summer,High
40,46,101,9,Summer,Low
28,90,48,12,Winter,Medium
37,74,1,1,Monsoon,Low
38,79,10,5,Summer,Low
21,77,64,6,Winter,Low
32,61,135,25,Winter,Low
24,84,142,11,Summer,Low
27,83,184,27,Summer,Medium
35,43,46,27,Winter,Low
32,86,106,20,Monsoon,High
39,64,49,14,Winter,Low
38,67,129,28,Monsoon,Low
37,63,70,21,Summer,Low
37,71,10,5,Summer,Low
27,62,52,19,Monsoon,Medium
36,51,7,13,Monsoon,Low
31,59,196,30,Summer,Low
34,78,88,16,Summer,High
39,75,86,26,Winter,High
37,43,122,23,Monsoon,Low
40,68,51,6,Winter,Low
27,46,60,7,Monsoon,Medium
38,66,92,26,Winter,Low
26,50,104,17,Monsoon,Medium
21,70,112,28,Winter,Low
24,75,189,17,Summer,Low
35,40,183,23,Summer,High
30,63,38,29,Monsoon,Medium
32,72,101,15,Monsoon,High
36,52,35,29,Winter,Low
37,86,163,23,Monsoon,High
27,87,55,28,Summer,Medium
25,68,74,18,Monsoon,Medium
29,44,143,11,Summer,Medium
24,80,197,19,Monsoon,Low
31,55,43,15,Monsoon,Low
32,40,45,14,Winter,Low
27,88,200,29,Summer,Medium
28,66,63,17,Monsoon,Medium
30,52,104,12,Monsoon,Medium
26,50,42,21,Summer,Medium
35,48,6,14,Summer,Low
23,85,87,12,Winter,Low
40,85,89,6,Winter,High
24,62,18,17,Summer,High
20,61,15,1,Summer,Low
37,77,145,2,Summer,Medium
38,62,188,0,Monsoon,Low
31,43,167,29,Summer,Low
33,71,186,17,Monsoon,High
34,68,153,8,Winter,Low
20,75,113,11,Winter,Low
25,53,175,20,Monsoon,Medium
37,80,157,27,Summer,High
27,69,120,7,Monsoon,Medium
27,75,185,16,Winter,Medium
30,89,41,28,Winter,Medium
34,54,194,3,Summer,Low
36,65,192,25,Summer,Low
39,71,3,1,Winter,Low
22,42,135,17,Monsoon,Low
39,84,92,8,Monsoon,High
26,89,16,25,Monsoon,Medium
37,42,188,24,Summer,Low
24,58,150,26,Monsoon,Low
40,89,33,14,Winter,Low
25,52,58,9,Winter,Medium
31,52,199,18,Summer,Low
27,57,73,14,Summer,Medium
32,44,34,18,Monsoon,Low
32,43,33,5,Monsoon,Low
37,61,78,9,Winter,Low
26,83,148,24,Winter,Medium
38,55,55,30,Winter,Low
32,78,17,8,Winter,Low
35,49,133,30,Summer,Low
26,68,44,26,Summer,Medium
31,80,136,24,Winter,High
25,48,172,29,Summer,Medium
30,90,51,18,Winter,Medium
33,87,99,6,Winter,High
29,42,20,26,Winter,Medium
31,74,52,4,Monsoon,Low
20,71,196,9,Monsoon,Low
29,79,59,7,Winter,Medium
21,88,141,20,Winter,Low
22,44,175,19,Monsoon,Low
25,41,93,23,Winter,Medium
36,81,53,18,Summer,Low
34,42,143,24,Summer,Low
25,45,168,19,Summer,Medium
31,47,113,17,Monsoon,Low
21,72,108,5,Winter,Low
22,64,52,12,Monsoon,Low
40,86,116,4,Winter,High
31,40,132,5,Summer,Low
39,67,167,19,Summer,Low
27,59,152,27,Winter,Medium
33,51,199,11,Summer,Low
37,59,162,22,Winter,Low
32,41,114,5,Winter,Low
35,42,188,5,Winter,Low
35,73,38,5,Summer,Low
31,90,155,2,Summer,High
34,90,123,8,Monsoon,High
20,62,139,3,Monsoon,Low
31,81,42,22,Summer,Low
37,70,57,23,Summer,High
33,55,147,22,Monsoon,Low
35,79,11,17,Winter,Low
34,83,69,11,Summer,Low
25,50,137,20,Winter,Medium
37,47,172,26,Summer,Low
23,90,39,5,Monsoon,Low
34,65,194,7,Monsoon,Low
29,78,68,22,Monsoon,Medium
24,50,51,25,Monsoon,Low
25,45,37,26,Monsoon,Medium
22,61,70,26,Winter,Low
22,67,183,18,Monsoon,Low
33,52,28,14,Summer,Low
27,44,195,9,Monsoon,Medium
21,89,94,21,Winter,Low
23,65,157,4,Monsoon,Low
33,84,98,20,Summer,High
21,55,142,3,Monsoon,Low
21,72,169,7,Monsoon,High
29,53,119,26,Summer,Medium
22,78,2,27,Monsoon,Low
40,64,23,3,Winter,Low
34,51,60,11,Winter,Low
36,60,3,15,Monsoon,Low
22,60,18,1,Monsoon,Low
38,45,10,11,Monsoon,Low
23,46,112,3,Summer,Low
32,54,21,20,Monsoon,Low
32,70,46,20,Winter,Low
37,85,51,22,Monsoon,Low
23,83,35,10,Monsoon,Low
26,77,85,25,Monsoon,Medium
23,45,183,11,Winter,Low
31,80,128,8,Summer,High
24,41,169,6,Winter,Low
38,82,30,10,Winter,High
24,48,125,3,Monsoon,Low
32,50,122,8,Winter,Low
26,73,121,20,Monsoon,Medium
29,74,198,10,Winter,Medium
26,48,0,2,Winter,Medium
27,47,165,0,Monsoon,Medium
30,40,44,11,Monsoon,Medium
37,45,161,0,Winter,Low
20,81,73,9,Monsoon,Low
37,51,16,27,Winter,Low
28,81,63,22,Winter,Medium
25,72,54,9,Winter,Medium
22,62,135,7,Summer,Low
37,77,158,19,Monsoon,High
32,47,62,10,Winter,Low
35,51,129,8,Winter,Low
26,71,184,2,Winter,Medium
40,65,197,29,Monsoon,Low
35,45,50,30,Winter,Low
40,81,193,29,Monsoon,High
33,72,21,25,Summer,Low
23,78,112,23,Monsoon,Low
27,83,73,29,Monsoon,Medium
21,75,105,3,Monsoon,Low
38,60,188,8,Winter,Low
30,47,6,9,Summer,Medium
24,65,44,21,Monsoon,Low
34,40,85,20,Summer,Low
22,56,175,27,Winter,Low
36,69,158,15,Monsoon,Low
34,61,101,27,Summer,Low
35,81,18,21,Summer,Low
23,86,119,18,Summer,Low
33,88,162,26,Summer,High
31,89,116,19,Winter,High
35,64,85,23,Summer,Low
35,84,157,20,Winter,High
26,81,114,9,Summer,Medium
27,78,144,25,Monsoon,Medium
32,77,76,29,Monsoon,Low
31,84,185,24,Monsoon,High
35,55,177,25,Winter,Low
23,54,98,11,Winter,Low
34,78,123,28,Monsoon,High
39,82,57,30,Summer,Low
39,51,69,18,Monsoon,Low
38,47,20,27,Summer,Low
35,48,190,0,Summer,Low
29,58,52,27,Monsoon,Medium
38,90,118,16,Monsoon,High
40,65,62,6,Monsoon,Low
36,72,115,19,Summer,High
31,71,189,29,Monsoon,High
37,63,74,9,Summer,Low
32,57,108,24,Summer,Low
20,56,191,1,Monsoon,Low
21,50,23,4,Summer,Low
33,83,128,0,Summer,High
25,56,74,0,Monsoon,Medium
31,85,87,2,Winter,High
33,51,127,15,Monsoon,Low
30,65,71,9,Winter,Medium
34,89,1,30,Monsoon,Low
32,59,40,3,Monsoon,Low
29,81,112,9,Monsoon,Medium
30,56,36,15,Winter,Medium
30,62,13,15,Summer,Medium
35,71,106,24,Monsoon,High
31,49,151,20,Monsoon,Medium
22,64,9,3,Summer,Low
28,45,2,10,Monsoon,Medium
30,67,189,16,Summer,Medium
39,84,105,5,Winter,High
23,88,76,29,Monsoon,Low
22,53,34,29,Winter,Low
26,55,158,4,Winter,Medium
38,41,142,20,Monsoon,Low
20,80,90,23,Monsoon,Low
32,83,8,29,Winter,Low
34,47,193,21,Winter,Low
24,82,66,3,Summer,Low
30,62,80,20,Monsoon,Medium
29,88,111,12,Winter,Medium
22,59,188,19,Summer,Low
38,49,33,4,Monsoon,Low
27,52,36,3,Winter,Medium
20,89,102,10,Summer,Low
20,73,13,9,Monsoon,Low
31,75,133,11,Summer,High
20,89,66,30,Winter,Low
20,63,41,27,Summer,Low
25,52,167,16,Summer,Medium
36,83,14,10,Monsoon,Low
39,59,115,7,Summer,Low
40,49,147,26,Monsoon,Low
25,84,13,11,Winter,Medium
32,62,162,30,Summer,Low
30,43,41,2,Summer,Medium
31,54,114,18,Winter,Low
25,48,89,17,Winter,Medium
22,65,106,2,Monsoon,Low
32,50,176,2,Winter,Low
31,77,148,12,Winter,High
35,41,185,23,Winter,Low
26,41,167,29,Winter,Medium
34,43,142,23,Monsoon,Low
39,50,154,19,Summer,High
30,65,11,4,Monsoon,Medium
22,79,71,19,Winter,Low
25,72,105,15,Winter,Medium
39,41,26,15,Winter,Low
26,43,196,9,Summer,Medium
27,63,23,11,Monsoon,Medium
28,43,65,29,Winter,Medium
31,52,113,24,Summer,Low
22,57,99,16,Winter,Low
37,78,123,30,Winter,High
31,59,191,2,Monsoon,Low
31,64,109,26,Winter,Low
31,60,72,22,Monsoon,Low
33,75,43,29,Monsoon,Low
24,86,199,23,Monsoon,Low
25,83,188,25,Summer,Medium
40,41,82,15,Winter,High
36,63,178,27,Winter,Low
26,41,150,4,Monsoon,Medium
27,78,89,12,Winter,Medium
40,44,59,0,Winter,Low
31,77,40,24,Summer,Low
38,67,156,26,Monsoon,Low
21,90,129,14,Monsoon,Low
32,68,125,5,Summer,Low
20,61,0,5,Winter,Low
20,90,124,12,Winter,Low
36,70,40,30,Winter,Low
26,72,116,24,Winter,Medium
31,48,109,1,Monsoon,Low
22,68,162,20,Winter,Low
27,60,158,18,Winter,Medium
34,42,38,4,Winter,Low
35,51,169,5,Monsoon,Low
39,45,25,10,Winter,Low
32,86,138,22,Monsoon,High
38,71,7,0,Monsoon,Low
29,59,157,8,Monsoon,Medium
20,89,173,26,Monsoon,Low
22,90,131,20,Summer,Low
24,71,86,23,Winter,Low
39,50,11,7,Winter,Low
31,44,149,26,Summer,Low
22,55,42,8,Monsoon,Low
36,59,172,17,Winter,Low
39,89,136,6,Winter,High
20,54,61,24,Winter,Low
33,62,28,23,Winter,Low
20,48,132,10,Summer,Low
39,41,41,3,Winter,Low
25,64,137,8,Monsoon,Medium
21,51,40,26,Winter,Low
35,48,86,1,Monsoon,Low
40,77,56,11,Monsoon,Low
23,53,79,2,Summer,Low
26,88,170,29,Monsoon,Medium
25,62,53,30,Winter,Medium
40,41,109,24,Winter,Low
38,48,85,12,Winter,Low
38,80,183,15,Summer,High
20,47,90,16,Summer,Low
20,58,68,27,Monsoon,Low
36,45,43,11,Summer,Low
22,86,195,12,Monsoon,Low
21,73,165,20,Winter,Low
26,74,27,10,Monsoon,Medium
27,69,81,30,Monsoon,Medium
21,73,183,23,Summer,Low
30,73,132,1,Summer,Medium
36,44,170,0,Monsoon,Low
24,43,75,21,Monsoon,Low
21,59,87,5,Monsoon,Low
36,41,161,30,Monsoon,High
29,59,168,2,Monsoon,Medium
20,48,84,18,Monsoon,Low
37,42,117,23,Summer,Low
20,58,21,4,Summer,Low
24,70,41,20,Monsoon,Low
26,49,26,9,Monsoon,Medium
40,85,14,12,Summer,Low
29,72,82,28,Summer,Medium
22,75,172,3,Winter,Low
26,68,56,28,Winter,Medium
37,59,114,9,Winter,Low
38,62,137,28,Winter,Low
20,44,118,22,Winter,Low
26,79,18,27,Monsoon,Medium
20,76,13,2,Summer,Low
28,42,11,10,Summer,Medium
35,76,193,19,Winter,High
23,41,50,21,Summer,Low
39,71,122,9,Monsoon,High
32,41,80,29,Summer,Low
31,79,62,11,Summer,Low
21,64,47,4,Monsoon,Low
26,79,26,2,Winter,Medium
39,44,57,1,Monsoon,Low
20,81,85,6,Winter,Low
40,67,68,11,Summer,Low
33,51,157,18,Winter,Low
30,82,4,24,Winter,Medium
29,48,182,27,Summer,Medium
31,43,30,23,Monsoon,Low
23,51,37,24,Winter,Low
27,42,1,29,Summer,Medium
36,61,30,5,Winter,Low
30,65,192,9,Summer,Medium
35,61,97,0,Monsoon,Low
23,65,176,20,Monsoon,Low
24,41,10,20,Monsoon,Low
31,83,177,29,Summer,High
22,52,184,9,Winter,Low
31,85,151,11,Monsoon,High
24,46,176,17,Monsoon,Low
28,81,134,12,Monsoon,Medium
29,73,120,12,Summer,Medium
31,42,89,4,Summer,Low
40,70,199,14,Monsoon,Low
28,51,190,23,Summer,Medium
29,56,101,30,Winter,Medium
30,79,130,14,Winter,Medium
37,76,134,18,Summer,High
29,55,166,20,Summer,Medium
28,86,95,16,Monsoon,Medium
26,79,66,1,Winter,Medium
22,60,172,9,Summer,Low
36,69,163,29,Winter,Low
36,67,72,20,Monsoon,Low
40,59,134,7,Winter,Low
21,72,36,24,Winter,Low
38,45,30,15,Summer,Low
35,77,155,26,Monsoon,High
26,62,165,14,Summer,Medium
27,64,157,20,Summer,Medium
32,65,116,27,Monsoon,Low
26,64,146,2,Summer,Medium
31,46,116,30,Summer,High
27,82,43,14,Winter,Medium
21,79,115,9,Winter,Low
20,46,22,25,Summer,Low
26,68,91,26,Monsoon,Medium
22,50,8,30,Winter,Low
38,72,171,12,Summer,High
26,56,132,14,Summer,Medium
28,75,60,0,Monsoon,Medium
20,46,121,10,Summer,Low
26,44,77,21,Winter,Medium
35,79,115,9,Summer,Low
38,62,191,7,Monsoon,Low
39,68,124,13,Monsoon,Low
28,89,12,9,Monsoon,Medium
36,79,26,1,Summer,Low
30,85,58,11,Summer,Medium
39,41,94,11,Summer,Low
32,84,33,20,Monsoon,Low
27,41,100,6,Summer,Medium
21,48,183,30,Summer,Low
36,76,128,28,Summer,High
27,51,55,21,Summer,Medium
40,88,113,27,Monsoon,High
27,50,58,28,Winter,Medium
32,76,71,9,Winter,Low
28,61,33,14,Winter,Medium
23,66,67,11,Summer,Low
32,71,103,10,Summer,High
36,61,178,24,Winter,Low
36,77,6,20,Summer,Low
33,60,14,21,Summer,Low
33,40,134,30,Summer,Low
32,41,122,14,Monsoon,Low
24,50,23,18,Monsoon,Low
32,67,147,8,Winter,Low
26,77,18,18,Monsoon,Medium
40,88,6,19,Monsoon,Low
36,41,165,0,Monsoon,Low
22,43,95,2,Summer,Low
28,82,10,21,Summer,Medium
21,84,90,15,Summer,Low
30,84,187,14,Monsoon,Medium
40,84,180,6,Winter,High
36,75,29,19,Summer,Low
33,50,156,27,Winter,Low
38,75,2,14,Winter,Low
23,47,41,10,Summer,Low
22,47,180,18,Winter,Low
38,72,124,11,Winter,High
21,41,143,27,Summer,Low
26,61,6,14,Summer,Medium
32,76,116,11,Summer,High
27,60,138,19,Winter,Medium
34,52,15,30,Monsoon,Low
32,61,124,16,Summer,Low
39,41,145,4,Winter,Low
37,76,64,25,Monsoon,Low
26,74,125,10,Summer,Medium
26,46,113,29,Summer,Medium
30,48,144,30,Winter,Medium
25,72,93,28,Monsoon,Medium
26,54,117,9,Monsoon,Low
31,61,63,22,Monsoon,Low
34,83,63,5,Summer,Low
36,76,49,6,Winter,Low
20,52,148,1,Summer,Low
28,68,161,22,Monsoon,Medium
20,80,162,9,Monsoon,Low
